This is XeTeX, Version 3.141592653-2.6-0.999998 (TeX Live 2026) (preloaded format=xelatex 2026.3.22)  25 JUL 2026 09:07
entering extended mode
 restricted \write18 enabled.
 %&-line parsing enabled.
**mains/hc.tex
(./mains/hc.tex
LaTeX2e <2025-11-01>
L3 programming layer <2026-01-19>
(/usr/local/texlive/2026/texmf-dist/tex/latex/memoir/memoir.cls
Document Class: memoir 2025/11/04 v3.8.4b configurable book, report, article do
cument class
(/usr/local/texlive/2026/texmf-dist/tex/latex/xpatch/xpatch.sty (/usr/local/tex
live/2026/texmf-dist/tex/latex/l3kernel/expl3.sty
Package: expl3 2026-01-19 L3 programming layer (loader) 
(/usr/local/texlive/2026/texmf-dist/tex/latex/l3backend/l3backend-xetex.def
File: l3backend-xetex.def 2025-10-09 L3 backend support: XeTeX
\g__graphics_track_int=\count271
\g__pdfannot_backend_int=\count272
\g__pdfannot_backend_link_int=\count273
))
Package: xpatch 2020/03/25 v0.3a Extending etoolbox patching commands
(/usr/local/texlive/2026/texmf-dist/tex/latex/l3packages/xparse/xparse.sty
Package: xparse 2025-10-09 L3 Experimental document command parser
) (/usr/local/texlive/2026/texmf-dist/tex/latex/etoolbox/etoolbox.sty
Package: etoolbox 2025/10/02 v2.5m e-TeX tools for LaTeX (JAW)
\etb@tempcnta=\count274
))
\onelineskip=\skip49
\lxvchars=\skip50
\xlvchars=\skip51
\@memcnta=\count275
\c@@memmarkcntra=\count276
(/usr/local/texlive/2026/texmf-dist/tex/generic/iftex/iftex.sty
Package: iftex 2024/12/12 v1.0g TeX engine tests
)
\trimtop=\skip52
\trimedge=\skip53
(/usr/local/texlive/2026/texmf-dist/tex/latex/memoir/mem11.clo
File: mem11.clo 2022/07/29 v0.5 memoir class 11pt size option
)
\binding=\skip54
\spinemargin=\skip55
\foremargin=\skip56
\uppermargin=\skip57
\lowermargin=\skip58
\headdrop=\skip59
\normalrulethickness=\skip60
\mem@maxheadheight=\skip61
\mem@maxfootheight=\skip62
\headwidth=\skip63
\c@storedpagenumber=\count277
\memPD=\dimen148
\m@mabparskip=\skip64
\thanksmarkwidth=\skip65
\thanksmarksep=\skip66
\droptitle=\skip67
\c@book=\count278
\c@part=\count279
\c@chapter=\count280
\c@section=\count281
\c@subsection=\count282
\c@subsubsection=\count283
\c@paragraph=\count284
\c@subparagraph=\count285
\beforechapskip=\skip68
\midchapskip=\skip69
\afterchapskip=\skip70
\chapindent=\skip71
\bottomsectionskip=\skip72
\secindent=\skip73
\beforesecskip=\skip74
\aftersecskip=\skip75
\subsecindent=\skip76
\beforesubsecskip=\skip77
\aftersubsecskip=\skip78
\subsubsecindent=\skip79
\beforesubsubsecskip=\skip80
\aftersubsubsecskip=\skip81
\paraindent=\skip82
\beforeparaskip=\skip83
\afterparaskip=\skip84
\subparaindent=\skip85
\beforesubparaskip=\skip86
\aftersubparaskip=\skip87
\pfbreakskip=\skip88
\c@@ppsavesec=\count286
\c@@ppsaveapp=\count287
\ragrparindent=\dimen149
\everylistparindent=\dimen150
\parsepi=\skip89
\topsepi=\skip90
\itemsepi=\skip91
\parsepii=\skip92
\topsepii=\skip93
\topsepiii=\skip94
\itemsepii=\skip95
\itemsepiii=\skip96
\partopsepii=\skip97
\partopsepiii=\skip98
\m@msavetopsep=\skip99
\m@msavepartopsep=\skip100
\@enLab=\toks17
\abstitleskip=\skip101
\absleftindent=\skip102
\abs@leftindent=\dimen151
\absrightindent=\skip103
\absparindent=\skip104
\absparsep=\skip105
\c@vslineno=\count288
\c@poemline=\count289
\c@modulo@vs=\count290
\c@memfvsline=\count291
\vleftskip=\skip106
\vrightskip=\skip107
\stanzaskip=\skip108
\versewidth=\skip109
\vgap=\skip110
\vindent=\skip111
\vleftmargin=\dimen152
\c@verse=\count292
\c@chrsinstr=\count293
\beforepoemtitleskip=\skip112
\afterpoemtitleskip=\skip113
\c@poem=\count294
\beforePoemTitleskip=\skip114
\midPoemTitleskip=\skip115
\afterPoemTitleskip=\skip116
(/usr/local/texlive/2026/texmf-dist/tex/latex/tools/array.sty
Package: array 2025/09/25 v2.6n Tabular extension package (FMi)
\col@sep=\dimen153
\ar@mcellbox=\box53
\extrarowheight=\dimen154
\NC@list=\toks18
\extratabsurround=\skip117
\backup@length=\skip118
\ar@cellbox=\box54
) (/usr/local/texlive/2026/texmf-dist/tex/latex/tools/dcolumn.sty
Package: dcolumn 2025/10/21 v1.06 decimal alignment package (DPC)
) (/usr/local/texlive/2026/texmf-dist/tex/latex/tools/delarray.sty
Package: delarray 2014/10/28 v1.01 array delimiter package (DPC)
) (/usr/local/texlive/2026/texmf-dist/tex/latex/tools/tabularx.sty
Package: tabularx 2023/12/11 v2.12a `tabularx' package (DPC)
\TX@col@width=\dimen155
\TX@old@table=\dimen156
\TX@old@col=\dimen157
\TX@target=\dimen158
\TX@delta=\dimen159
\TX@cols=\count295
\TX@ftn=\toks19
) (/usr/local/texlive/2026/texmf-dist/tex/latex/booktabs/booktabs.sty
Package: booktabs 2020/01/12 v1.61803398 Publication quality tables
\heavyrulewidth=\dimen160
\lightrulewidth=\dimen161
\cmidrulewidth=\dimen162
\belowrulesep=\dimen163
\belowbottomsep=\dimen164
\aboverulesep=\dimen165
\abovetopsep=\dimen166
\cmidrulesep=\dimen167
\cmidrulekern=\dimen168
\defaultaddspace=\dimen169
\@cmidla=\count296
\@cmidlb=\count297
\@aboverulesep=\dimen170
\@belowrulesep=\dimen171
\@thisruleclass=\count298
\@lastruleclass=\count299
\@thisrulewidth=\dimen172
)
\ctableftskip=\skip119
\ctabrightskip=\skip120
\abovecolumnspenalty=\count300
\@linestogo=\count301
\@cellstogo=\count302
\@cellsincolumn=\count303
\crtok=\toks20
\@mincolumnwidth=\dimen173
\c@newflo@tctr=\count304
\mem@margin@floatbox=\box55
\@contcwidth=\skip121
\@contindw=\skip122
\abovecaptionskip=\skip123
\belowcaptionskip=\skip124
\subfloattopskip=\skip125
\subfloatcapskip=\skip126
\subfloatcaptopadj=\skip127
\subfloatbottomskip=\skip128
\subfloatlabelskip=\skip129
\subfloatcapmargin=\dimen174
\c@@contsubnum=\count305
\m@mscap@capbox=\box56
\m@mscap@fbox=\box57
\sidecapsep=\dimen175
\sidecapwidth=\dimen176
\m@m@tempdima=\dimen177
\m@mscapraise=\dimen178
\sidecapraise=\dimen179
\m@mscapmainwidth=\dimen180
\m@mscaplkern=\dimen181
\beforeepigraphskip=\skip130
\afterepigraphskip=\skip131
\epigraphwidth=\skip132
\epigraphrule=\skip133
(/usr/local/texlive/2026/texmf-dist/tex/latex/hyperref/nameref.sty
Package: nameref 2026-01-29 v2.58 Cross-referencing by name of section
(/usr/local/texlive/2026/texmf-dist/tex/latex/refcount/refcount.sty
Package: refcount 2019/12/15 v3.6 Data extraction from label references (HO)
(/usr/local/texlive/2026/texmf-dist/tex/generic/ltxcmds/ltxcmds.sty
Package: ltxcmds 2023-12-04 v1.26 LaTeX kernel commands for general use (HO)
) (/usr/local/texlive/2026/texmf-dist/tex/generic/infwarerr/infwarerr.sty
Package: infwarerr 2019/12/03 v1.5 Providing info/warning/error messages (HO)
))
(/usr/local/texlive/2026/texmf-dist/tex/generic/gettitlestring/gettitlestring.s
ty
Package: gettitlestring 2019/12/15 v1.6 Cleanup title references (HO)
(/usr/local/texlive/2026/texmf-dist/tex/latex/kvoptions/kvoptions.sty
Package: kvoptions 2022-06-15 v3.15 Key value format for package options (HO)
(/usr/local/texlive/2026/texmf-dist/tex/latex/graphics/keyval.sty
Package: keyval 2022/05/29 v1.15 key=value parser (DPC)
\KV@toks@=\toks21
) (/usr/local/texlive/2026/texmf-dist/tex/latex/kvsetkeys/kvsetkeys.sty
Package: kvsetkeys 2022-10-05 v1.19 Key value parser (HO)
)))
\c@section@level=\count306
)
\tocentryskip=\skip134
\tocbaseline=\skip135
\cftparskip=\skip136
\cftbeforebookskip=\skip137
\cftbookindent=\dimen182
\cftbooknumwidth=\dimen183
\cftbeforepartskip=\skip138
\cftpartindent=\skip139
\cftpartnumwidth=\skip140
\cftbeforechapterskip=\skip141
\cftchapterindent=\skip142
\cftchapternumwidth=\skip143
\cftbeforesectionskip=\skip144
\cftsectionindent=\skip145
\cftsectionnumwidth=\skip146
\cftbeforesubsectionskip=\skip147
\cftsubsectionindent=\skip148
\cftsubsectionnumwidth=\skip149
\cftbeforesubsubsectionskip=\skip150
\cftsubsubsectionindent=\skip151
\cftsubsubsectionnumwidth=\skip152
\cftbeforeparagraphskip=\skip153
\cftparagraphindent=\skip154
\cftparagraphnumwidth=\skip155
\cftbeforesubparagraphskip=\skip156
\cftsubparagraphindent=\skip157
\cftsubparagraphnumwidth=\skip158
\prechapterprecisshift=\dimen184
\c@maxsecnumdepth=\count307
\bibindent=\dimen185
\bibitemsep=\skip159
\indexcolsep=\skip160
\indexrule=\skip161
\indexmarkstyle=\toks22
\@indexbox=\insert252
LaTeX Info: Redefining \raggedbottom on input line 8095.
LaTeX Info: Redefining \flushbottom on input line 8099.
\glossarycolsep=\dimen186
\glossaryrule=\dimen187
\sideparvshift=\skip162
\sideins=\insert251
\sidebartopsep=\skip163
\sidebarhsep=\skip164
\sidebarvsep=\skip165
\sidebarwidth=\skip166
\footmarkwidth=\skip167
\footmarksep=\skip168
\footparindent=\skip169
\footinsdim=\skip170
\footinsv@r=\insert250
\@mpfootinsv@r=\insert249
\m@m@k=\count308
\m@m@h=\dimen188
\m@mipn@skip=\skip171
\sidefootins=\insert248
\sidefootadjust=\skip172
\sidefootheight=\skip173
\sidefoothsep=\skip174
\sidefootvsep=\skip175
\sidefootwidth=\skip176
\m@mdownsf=\skip177
\c@sidefootnote=\count309
\sidefootmarkwidth=\skip178
\sidefootmarksep=\skip179
\sidefootparindent=\skip180
\c@pagenote=\count310
\c@pagenoteshadow=\count311
\mem@pn@lastkern=\skip181
(/usr/local/texlive/2026/texmf-dist/tex/latex/tools/verbatim.sty
Package: verbatim 2024-01-22 v1.5x LaTeX2e package for verbatim enhancements
\every@verbatim=\toks23
\verbatim@line=\toks24
\verbatim@in@stream=\read2
)
\verbatimindent=\skip182
\verbatim@out=\write3
(/usr/local/texlive/2026/texmf-dist/tex/latex/base/shortvrb.sty
Package: shortvrb 2024/12/25 v3.0q Standard LaTeX documentation package V3 (FMi
)
)
\bvboxsep=\skip183
\c@memfbvline=\count312
\c@bvlinectr=\count313
\bvnumlength=\skip184
\fb@frw=\dimen189
\fb@frh=\dimen190
\FrameRule=\dimen191
\FrameSep=\dimen192
\c@cp@cntr=\count314
\c@ism@mctr=\count315
\c@xsm@mctr=\count316
\c@csm@mctr=\count317
\c@ksm@mctr=\count318
\c@xksm@mctr=\count319
\c@cksm@mctr=\count320
\c@msm@mctr=\count321
\c@xmsm@mctr=\count322
\c@cmsm@mctr=\count323
\c@bsm@mctr=\count324
\c@workm@mctr=\count325
\c@sheetsequence=\count326
\c@lastsheet=\count327
\c@lastpage=\count328
\c@figure=\count329
\c@lofdepth=\count330
\cftbeforefigureskip=\skip185
\cftfigureindent=\skip186
\cftfigurenumwidth=\skip187
\c@table=\count331
\c@lotdepth=\count332
\cftbeforetableskip=\skip188
\cfttableindent=\skip189
\cfttablenumwidth=\skip190
Package abstract [2008/07/23] emulated by memoir.
Package appendix [2008/07/23] emulated by memoir.
Package ccaption [2008/07/23] emulated by memoir.
Package changepage [2008/07/23] emulated by memoir.
Package chngcntr [2008/07/23] emulated by memoir.
Package chngpage [2008/07/23] emulated by memoir.
Package crop emulated by memoir.
Package enumerate [2008/07/23] emulated by memoir.
Package epigraph [2008/07/23] emulated by memoir.
Package ifmtarg [2008/07/23] emulated by memoir.
Package index [2008/07/23] emulated by memoir.
Package makeidx [2008/07/23] emulated by memoir.
Package moreverb [2008/07/23] emulated by memoir.
Package needspace [2008/07/23] emulated by memoir.
Package newfile [2008/07/23] emulated by memoir.
Package nextpage [2008/07/23] emulated by memoir.
Package pagenote [2008/07/23] emulated by memoir.
Package parskip [2008/07/23] emulated by memoir.
Package patchcmd [2008/07/23] emulated by memoir.
Package setspace [2008/07/23] emulated by memoir.
Package showidx [2008/07/23] emulated by memoir.
Package titleref [2008/07/23] emulated by memoir.
Package titling [2008/07/23] emulated by memoir.
Package tocbibind [2008/07/23] emulated by memoir.
Package tocloft [2008/07/23] emulated by memoir.
Package tocvsec2 [2008/07/23] emulated by memoir.
Package verse [2008/07/23] emulated by memoir.
) (./tex/preamble.tex (/usr/local/texlive/2026/texmf-dist/tex/latex/xcolor/xcol
or.sty
Package: xcolor 2024/09/29 v3.02 LaTeX color extensions (UK)
(/usr/local/texlive/2026/texmf-dist/tex/latex/graphics-cfg/color.cfg
File: color.cfg 2016/01/02 v1.6 sample color configuration
)
Package xcolor Info: Driver file: xetex.def on input line 274.
(/usr/local/texlive/2026/texmf-dist/tex/latex/graphics-def/xetex.def
File: xetex.def 2025/11/01 v5.0p Graphics/color driver for xetex
) (/usr/local/texlive/2026/texmf-dist/tex/latex/graphics/mathcolor.ltx)
Package xcolor Info: Model `cmy' substituted by `cmy0' on input line 1349.
Package xcolor Info: Model `RGB' extended on input line 1365.
Package xcolor Info: Model `HTML' substituted by `rgb' on input line 1367.
Package xcolor Info: Model `Hsb' substituted by `hsb' on input line 1368.
Package xcolor Info: Model `tHsb' substituted by `hsb' on input line 1369.
Package xcolor Info: Model `HSB' substituted by `hsb' on input line 1370.
Package xcolor Info: Model `Gray' substituted by `gray' on input line 1371.
Package xcolor Info: Model `wave' substituted by `hsb' on input line 1372.
) (/usr/local/texlive/2026/texmf-dist/tex/latex/graphics/dvipsnam.def
File: dvipsnam.def 2016/06/17 v3.0m Driver-dependent file (DPC,SPQR)
) (/usr/local/texlive/2026/texmf-dist/tex/latex/url/url.sty
\Urlmuskip=\muskip17
Package: url 2013/09/16  ver 3.4  Verb mode for urls, etc.
) (/usr/local/texlive/2026/texmf-dist/tex/latex/microtype/microtype.sty
Package: microtype 2026/03/01 v3.2d Micro-typographical refinements (RS)
\MT@toks=\toks25
\MT@tempbox=\box58
\MT@count=\count333
LaTeX Info: Redefining \noprotrusionifhmode on input line 1084.
LaTeX Info: Redefining \leftprotrusion on input line 1085.
\MT@prot@toks=\toks26
LaTeX Info: Redefining \rightprotrusion on input line 1104.
LaTeX Info: Redefining \textls on input line 1449.
\MT@outer@kern=\dimen193
LaTeX Info: Redefining \microtypecontext on input line 2053.
LaTeX Info: Redefining \textmicrotypecontext on input line 2070.
\MT@listname@count=\count334
(/usr/local/texlive/2026/texmf-dist/tex/latex/microtype/microtype-xetex.def
File: microtype-xetex.def 2026/03/01 v3.2d Definitions specific to xetex (RS)
LaTeX Info: Redefining \lsstyle on input line 443.
LaTeX Info: Redefining \lslig on input line 451.
\MT@outer@space=\skip191
)
Package microtype Info: Loading configuration file microtype.cfg.
(/usr/local/texlive/2026/texmf-dist/tex/latex/microtype/microtype.cfg
File: microtype.cfg 2026/03/01 v3.2d microtype main configuration file (RS)
)
LaTeX Info: Redefining \microtypesetup on input line 3065.
) (/Users/prh/texmf/tex/latex/coffeestains/coffeestains.sty
Package: coffeestains 2021/05/07 coffeestains version 0.5
(/usr/local/texlive/2026/texmf-dist/tex/latex/pgf/frontendlayer/tikz.sty (/usr/
local/texlive/2026/texmf-dist/tex/latex/pgf/basiclayer/pgf.sty (/usr/local/texl
ive/2026/texmf-dist/tex/latex/pgf/utilities/pgfrcs.sty
(/usr/local/texlive/2026/texmf-dist/tex/generic/pgf/utilities/pgfutil-common.te
x
\pgfutil@everybye=\toks27
\pgfutil@tempdima=\dimen194
\pgfutil@tempdimb=\dimen195
)
(/usr/local/texlive/2026/texmf-dist/tex/generic/pgf/utilities/pgfutil-latex.def
\pgfutil@abb=\box59
) (/usr/local/texlive/2026/texmf-dist/tex/generic/pgf/utilities/pgfrcs.code.tex
(/usr/local/texlive/2026/texmf-dist/tex/generic/pgf/pgf.revision.tex)
Package: pgfrcs 2025-08-29 v3.1.11a (3.1.11a)
))
Package: pgf 2025-08-29 v3.1.11a (3.1.11a)
(/usr/local/texlive/2026/texmf-dist/tex/latex/pgf/basiclayer/pgfcore.sty (/usr/
local/texlive/2026/texmf-dist/tex/latex/graphics/graphicx.sty
Package: graphicx 2024/12/31 v1.2e Enhanced LaTeX Graphics (DPC,SPQR)
(/usr/local/texlive/2026/texmf-dist/tex/latex/graphics/graphics.sty
Package: graphics 2024/08/06 v1.4g Standard LaTeX Graphics (DPC,SPQR)
(/usr/local/texlive/2026/texmf-dist/tex/latex/graphics/trig.sty
Package: trig 2023/12/02 v1.11 sin cos tan (DPC)
) (/usr/local/texlive/2026/texmf-dist/tex/latex/graphics-cfg/graphics.cfg
File: graphics.cfg 2016/06/04 v1.11 sample graphics configuration
)
Package graphics Info: Driver file: xetex.def on input line 106.
)
\Gin@req@height=\dimen196
\Gin@req@width=\dimen197
) (/usr/local/texlive/2026/texmf-dist/tex/latex/pgf/systemlayer/pgfsys.sty
(/usr/local/texlive/2026/texmf-dist/tex/generic/pgf/systemlayer/pgfsys.code.tex
Package: pgfsys 2025-08-29 v3.1.11a (3.1.11a)
(/usr/local/texlive/2026/texmf-dist/tex/generic/pgf/utilities/pgfkeys.code.tex
\pgfkeys@pathtoks=\toks28
\pgfkeys@temptoks=\toks29

(/usr/local/texlive/2026/texmf-dist/tex/generic/pgf/utilities/pgfkeyslibraryfil
tered.code.tex
\pgfkeys@tmptoks=\toks30
))
\pgf@x=\dimen198
\pgf@y=\dimen199
\pgf@xa=\dimen256
\pgf@ya=\dimen257
\pgf@xb=\dimen258
\pgf@yb=\dimen259
\pgf@xc=\dimen260
\pgf@yc=\dimen261
\pgf@xd=\dimen262
\pgf@yd=\dimen263
\w@pgf@writea=\write4
\r@pgf@reada=\read3
\c@pgf@counta=\count335
\c@pgf@countb=\count336
\c@pgf@countc=\count337
\c@pgf@countd=\count338
\t@pgf@toka=\toks31
\t@pgf@tokb=\toks32
\t@pgf@tokc=\toks33
\pgf@sys@id@count=\count339
(/usr/local/texlive/2026/texmf-dist/tex/generic/pgf/systemlayer/pgf.cfg
File: pgf.cfg 2025-08-29 v3.1.11a (3.1.11a)
)
Driver file for pgf: pgfsys-xetex.def

(/usr/local/texlive/2026/texmf-dist/tex/generic/pgf/systemlayer/pgfsys-xetex.de
f
File: pgfsys-xetex.def 2025-08-29 v3.1.11a (3.1.11a)

(/usr/local/texlive/2026/texmf-dist/tex/generic/pgf/systemlayer/pgfsys-dvipdfmx
.def
File: pgfsys-dvipdfmx.def 2025-08-29 v3.1.11a (3.1.11a)

(/usr/local/texlive/2026/texmf-dist/tex/generic/pgf/systemlayer/pgfsys-common-p
df.def
File: pgfsys-common-pdf.def 2025-08-29 v3.1.11a (3.1.11a)
)
\pgfsys@objnum=\count340
)))
(/usr/local/texlive/2026/texmf-dist/tex/generic/pgf/systemlayer/pgfsyssoftpath.
code.tex
File: pgfsyssoftpath.code.tex 2025-08-29 v3.1.11a (3.1.11a)
\pgfsyssoftpath@smallbuffer@items=\count341
\pgfsyssoftpath@bigbuffer@items=\count342
)
(/usr/local/texlive/2026/texmf-dist/tex/generic/pgf/systemlayer/pgfsysprotocol.
code.tex
File: pgfsysprotocol.code.tex 2025-08-29 v3.1.11a (3.1.11a)
))
(/usr/local/texlive/2026/texmf-dist/tex/generic/pgf/basiclayer/pgfcore.code.tex
Package: pgfcore 2025-08-29 v3.1.11a (3.1.11a)
(/usr/local/texlive/2026/texmf-dist/tex/generic/pgf/math/pgfmath.code.tex (/usr
/local/texlive/2026/texmf-dist/tex/generic/pgf/math/pgfmathutil.code.tex)
(/usr/local/texlive/2026/texmf-dist/tex/generic/pgf/math/pgfmathparser.code.tex
\pgfmath@dimen=\dimen264
\pgfmath@count=\count343
\pgfmath@box=\box60
\pgfmath@toks=\toks34
\pgfmath@stack@operand=\toks35
\pgfmath@stack@operation=\toks36
)
(/usr/local/texlive/2026/texmf-dist/tex/generic/pgf/math/pgfmathfunctions.code.
tex)
(/usr/local/texlive/2026/texmf-dist/tex/generic/pgf/math/pgfmathfunctions.basic
.code.tex)
(/usr/local/texlive/2026/texmf-dist/tex/generic/pgf/math/pgfmathfunctions.trigo
nometric.code.tex)
(/usr/local/texlive/2026/texmf-dist/tex/generic/pgf/math/pgfmathfunctions.rando
m.code.tex)
(/usr/local/texlive/2026/texmf-dist/tex/generic/pgf/math/pgfmathfunctions.compa
rison.code.tex)
(/usr/local/texlive/2026/texmf-dist/tex/generic/pgf/math/pgfmathfunctions.base.
code.tex)
(/usr/local/texlive/2026/texmf-dist/tex/generic/pgf/math/pgfmathfunctions.round
.code.tex)
(/usr/local/texlive/2026/texmf-dist/tex/generic/pgf/math/pgfmathfunctions.misc.
code.tex)
(/usr/local/texlive/2026/texmf-dist/tex/generic/pgf/math/pgfmathfunctions.integ
erarithmetics.code.tex) (/usr/local/texlive/2026/texmf-dist/tex/generic/pgf/mat
h/pgfmathcalc.code.tex) (/usr/local/texlive/2026/texmf-dist/tex/generic/pgf/mat
h/pgfmathfloat.code.tex
\c@pgfmathroundto@lastzeros=\count344
)) (/usr/local/texlive/2026/texmf-dist/tex/generic/pgf/math/pgfint.code.tex)
(/usr/local/texlive/2026/texmf-dist/tex/generic/pgf/basiclayer/pgfcorepoints.co
de.tex
File: pgfcorepoints.code.tex 2025-08-29 v3.1.11a (3.1.11a)
\pgf@picminx=\dimen265
\pgf@picmaxx=\dimen266
\pgf@picminy=\dimen267
\pgf@picmaxy=\dimen268
\pgf@pathminx=\dimen269
\pgf@pathmaxx=\dimen270
\pgf@pathminy=\dimen271
\pgf@pathmaxy=\dimen272
\pgf@xx=\dimen273
\pgf@xy=\dimen274
\pgf@yx=\dimen275
\pgf@yy=\dimen276
\pgf@zx=\dimen277
\pgf@zy=\dimen278
)
(/usr/local/texlive/2026/texmf-dist/tex/generic/pgf/basiclayer/pgfcorepathconst
ruct.code.tex
File: pgfcorepathconstruct.code.tex 2025-08-29 v3.1.11a (3.1.11a)
\pgf@path@lastx=\dimen279
\pgf@path@lasty=\dimen280
)
(/usr/local/texlive/2026/texmf-dist/tex/generic/pgf/basiclayer/pgfcorepathusage
.code.tex
File: pgfcorepathusage.code.tex 2025-08-29 v3.1.11a (3.1.11a)
\pgf@shorten@end@additional=\dimen281
\pgf@shorten@start@additional=\dimen282
)
(/usr/local/texlive/2026/texmf-dist/tex/generic/pgf/basiclayer/pgfcorescopes.co
de.tex
File: pgfcorescopes.code.tex 2025-08-29 v3.1.11a (3.1.11a)
\pgfpic=\box61
\pgf@hbox=\box62
\pgf@layerbox@main=\box63
\pgf@picture@serial@count=\count345
)
(/usr/local/texlive/2026/texmf-dist/tex/generic/pgf/basiclayer/pgfcoregraphicst
ate.code.tex
File: pgfcoregraphicstate.code.tex 2025-08-29 v3.1.11a (3.1.11a)
\pgflinewidth=\dimen283
)
(/usr/local/texlive/2026/texmf-dist/tex/generic/pgf/basiclayer/pgfcoretransform
ations.code.tex
File: pgfcoretransformations.code.tex 2025-08-29 v3.1.11a (3.1.11a)
\pgf@pt@x=\dimen284
\pgf@pt@y=\dimen285
\pgf@pt@temp=\dimen286
)
(/usr/local/texlive/2026/texmf-dist/tex/generic/pgf/basiclayer/pgfcorequick.cod
e.tex
File: pgfcorequick.code.tex 2025-08-29 v3.1.11a (3.1.11a)
)
(/usr/local/texlive/2026/texmf-dist/tex/generic/pgf/basiclayer/pgfcoreobjects.c
ode.tex
File: pgfcoreobjects.code.tex 2025-08-29 v3.1.11a (3.1.11a)
)
(/usr/local/texlive/2026/texmf-dist/tex/generic/pgf/basiclayer/pgfcorepathproce
ssing.code.tex
File: pgfcorepathprocessing.code.tex 2025-08-29 v3.1.11a (3.1.11a)
)
(/usr/local/texlive/2026/texmf-dist/tex/generic/pgf/basiclayer/pgfcorearrows.co
de.tex
File: pgfcorearrows.code.tex 2025-08-29 v3.1.11a (3.1.11a)
\pgfarrowsep=\dimen287
)
(/usr/local/texlive/2026/texmf-dist/tex/generic/pgf/basiclayer/pgfcoreshade.cod
e.tex
File: pgfcoreshade.code.tex 2025-08-29 v3.1.11a (3.1.11a)
\pgf@max=\dimen288
\pgf@sys@shading@range@num=\count346
\pgf@shadingcount=\count347
)
(/usr/local/texlive/2026/texmf-dist/tex/generic/pgf/basiclayer/pgfcoreimage.cod
e.tex
File: pgfcoreimage.code.tex 2025-08-29 v3.1.11a (3.1.11a)
)
(/usr/local/texlive/2026/texmf-dist/tex/generic/pgf/basiclayer/pgfcoreexternal.
code.tex
File: pgfcoreexternal.code.tex 2025-08-29 v3.1.11a (3.1.11a)
\pgfexternal@startupbox=\box64
)
(/usr/local/texlive/2026/texmf-dist/tex/generic/pgf/basiclayer/pgfcorelayers.co
de.tex
File: pgfcorelayers.code.tex 2025-08-29 v3.1.11a (3.1.11a)
)
(/usr/local/texlive/2026/texmf-dist/tex/generic/pgf/basiclayer/pgfcoretranspare
ncy.code.tex
File: pgfcoretransparency.code.tex 2025-08-29 v3.1.11a (3.1.11a)
)
(/usr/local/texlive/2026/texmf-dist/tex/generic/pgf/basiclayer/pgfcorepatterns.
code.tex
File: pgfcorepatterns.code.tex 2025-08-29 v3.1.11a (3.1.11a)
)
(/usr/local/texlive/2026/texmf-dist/tex/generic/pgf/basiclayer/pgfcorerdf.code.
tex
File: pgfcorerdf.code.tex 2025-08-29 v3.1.11a (3.1.11a)
)))
(/usr/local/texlive/2026/texmf-dist/tex/generic/pgf/modules/pgfmoduleshapes.cod
e.tex
File: pgfmoduleshapes.code.tex 2025-08-29 v3.1.11a (3.1.11a)
\pgfnodeparttextbox=\box65
)
(/usr/local/texlive/2026/texmf-dist/tex/generic/pgf/modules/pgfmoduleplot.code.
tex
File: pgfmoduleplot.code.tex 2025-08-29 v3.1.11a (3.1.11a)
)
(/usr/local/texlive/2026/texmf-dist/tex/latex/pgf/compatibility/pgfcomp-version
-0-65.sty
Package: pgfcomp-version-0-65 2025-08-29 v3.1.11a (3.1.11a)
\pgf@nodesepstart=\dimen289
\pgf@nodesepend=\dimen290
)
(/usr/local/texlive/2026/texmf-dist/tex/latex/pgf/compatibility/pgfcomp-version
-1-18.sty
Package: pgfcomp-version-1-18 2025-08-29 v3.1.11a (3.1.11a)
)) (/usr/local/texlive/2026/texmf-dist/tex/latex/pgf/utilities/pgffor.sty (/usr
/local/texlive/2026/texmf-dist/tex/latex/pgf/utilities/pgfkeys.sty (/usr/local/
texlive/2026/texmf-dist/tex/generic/pgf/utilities/pgfkeys.code.tex)) (/usr/loca
l/texlive/2026/texmf-dist/tex/latex/pgf/math/pgfmath.sty (/usr/local/texlive/20
26/texmf-dist/tex/generic/pgf/math/pgfmath.code.tex)) (/usr/local/texlive/2026/
texmf-dist/tex/generic/pgf/utilities/pgffor.code.tex
Package: pgffor 2025-08-29 v3.1.11a (3.1.11a)
\pgffor@iter=\dimen291
\pgffor@skip=\dimen292
\pgffor@stack=\toks37
\pgffor@toks=\toks38
))
(/usr/local/texlive/2026/texmf-dist/tex/generic/pgf/frontendlayer/tikz/tikz.cod
e.tex
Package: tikz 2025-08-29 v3.1.11a (3.1.11a)

(/usr/local/texlive/2026/texmf-dist/tex/generic/pgf/libraries/pgflibraryplothan
dlers.code.tex
File: pgflibraryplothandlers.code.tex 2025-08-29 v3.1.11a (3.1.11a)
\pgf@plot@mark@count=\count348
\pgfplotmarksize=\dimen293
)
\tikz@lastx=\dimen294
\tikz@lasty=\dimen295
\tikz@lastxsaved=\dimen296
\tikz@lastysaved=\dimen297
\tikz@lastmovetox=\dimen298
\tikz@lastmovetoy=\dimen299
\tikzleveldistance=\dimen300
\tikzsiblingdistance=\dimen301
\tikz@figbox=\box66
\tikz@figbox@bg=\box67
\tikz@tempbox=\box68
\tikz@tempbox@bg=\box69
\tikztreelevel=\count349
\tikznumberofchildren=\count350
\tikznumberofcurrentchild=\count351
\tikz@fig@count=\count352

(/usr/local/texlive/2026/texmf-dist/tex/generic/pgf/modules/pgfmodulematrix.cod
e.tex
File: pgfmodulematrix.code.tex 2025-08-29 v3.1.11a (3.1.11a)
\pgfmatrixcurrentrow=\count353
\pgfmatrixcurrentcolumn=\count354
\pgf@matrix@numberofcolumns=\count355
)
\tikz@expandcount=\count356

(/usr/local/texlive/2026/texmf-dist/tex/generic/pgf/frontendlayer/tikz/librarie
s/tikzlibrarytopaths.code.tex
File: tikzlibrarytopaths.code.tex 2025-08-29 v3.1.11a (3.1.11a)
)))) (/Users/prh/texmf/tex/latex/local/compiledstamp.sty
Package: compiledstamp 2026/02/16 Compile timestamp helper
) (/usr/local/texlive/2026/texmf-dist/tex/latex/enumitem/enumitem.sty
Package: enumitem 2025/02/06 v3.11 Customized lists
\labelindent=\skip192
\enit@outerparindent=\dimen302
\enit@toks=\toks39
\enit@inbox=\box70
\enit@count@id=\count357
\enitdp@description=\count358
) (/usr/local/texlive/2026/texmf-dist/tex/latex/float/float.sty
Package: float 2001/11/08 v1.3d Float enhancements (AL)
\c@float@type=\count359
\float@exts=\toks40
\float@box=\box71
\@float@everytoks=\toks41
\@floatcapt=\box72
) (/usr/local/texlive/2026/texmf-dist/tex/latex/fontspec/fontspec.sty
Package: fontspec 2025/09/29 v2.9g Font selection for XeLaTeX and LuaLaTeX
(/usr/local/texlive/2026/texmf-dist/tex/latex/fontspec/fontspec-xetex.sty
Package: fontspec-xetex 2025/09/29 v2.9g Font selection for XeLaTeX and LuaLaTe
X
\l__fontspec_script_int=\count360
\l__fontspec_language_int=\count361
\l__fontspec_strnum_int=\count362
\l__fontspec_tmp_int=\count363
\l__fontspec_tmpa_int=\count364
\l__fontspec_tmpb_int=\count365
\l__fontspec_tmpc_int=\count366
\l__fontspec_em_int=\count367
\l__fontspec_emdef_int=\count368
\l__fontspec_strong_int=\count369
\l__fontspec_strongdef_int=\count370
\l__fontspec_tmpa_dim=\dimen303
\l__fontspec_tmpb_dim=\dimen304
\l__fontspec_tmpc_dim=\dimen305
(/usr/local/texlive/2026/texmf-dist/tex/latex/base/fontenc.sty
Package: fontenc 2025/07/18 v2.1d Standard LaTeX package
) (/usr/local/texlive/2026/texmf-dist/tex/latex/fontspec/fontspec.cfg))) (/usr/
local/texlive/2026/texmf-dist/tex/latex/base/ifthen.sty
Package: ifthen 2024/03/16 v1.1e Standard LaTeX ifthen package (DPC)
) (/usr/local/texlive/2026/texmf-dist/tex/latex/imakeidx/imakeidx.sty
Package: imakeidx 2016/10/15 v1.3e Package for typesetting indices in a synchro
nous mode
(/usr/local/texlive/2026/texmf-dist/tex/latex/xkeyval/xkeyval.sty
Package: xkeyval 2025/11/04 v2.10 package option processing (HA)
(/usr/local/texlive/2026/texmf-dist/tex/generic/xkeyval/xkeyval.tex (/usr/local
/texlive/2026/texmf-dist/tex/generic/xkeyval/xkvutils.tex
\XKV@toks=\toks42
\XKV@tempa@toks=\toks43
\XKV@tempb@toks=\toks44
)
\XKV@depth=\count371
File: xkeyval.tex 2014/12/03 v2.7a key=value parser (HA)
)) (/usr/local/texlive/2026/texmf-dist/tex/generic/iftex/ifxetex.sty
Package: ifxetex 2019/10/25 v0.7 ifxetex legacy package. Use iftex instead.
) (/usr/local/texlive/2026/texmf-dist/tex/generic/iftex/ifluatex.sty
Package: ifluatex 2019/10/25 v1.5 ifluatex legacy package. Use iftex instead.
) (/usr/local/texlive/2026/texmf-dist/tex/latex/tools/multicol.sty
Package: multicol 2025/10/21 v2.0b multicolumn formatting (FMi)
\c@tracingmulticols=\count372
\mult@box=\box73
\multicol@leftmargin=\dimen306
\c@unbalance=\count373
\c@collectmore=\count374
\doublecol@number=\count375
\multicoltolerance=\count376
\multicolpretolerance=\count377
\full@width=\dimen307
\page@free=\dimen308
\premulticols=\dimen309
\postmulticols=\dimen310
\multicolsep=\skip193
\multicolbaselineskip=\skip194
\partial@page=\box74
\last@line=\box75
\mc@boxedresult=\box76
\maxbalancingoverflow=\dimen311
\mult@rightbox=\box77
\mult@grightbox=\box78
\mult@firstbox=\box79
\mult@gfirstbox=\box80
\@tempa=\box81
\@tempa=\box82
\@tempa=\box83
\@tempa=\box84
\@tempa=\box85
\@tempa=\box86
\@tempa=\box87
\@tempa=\box88
\@tempa=\box89
\@tempa=\box90
\@tempa=\box91
\@tempa=\box92
\@tempa=\box93
\@tempa=\box94
\@tempa=\box95
\@tempa=\box96
\@tempa=\box97
\@tempa=\box98
\@tempa=\box99
\@tempa=\box100
\@tempa=\box101
\@tempa=\box102
\@tempa=\box103
\@tempa=\box104
\@tempa=\box105
\@tempa=\box106
\@tempa=\box107
\@tempa=\box108
\@tempa=\box109
\@tempa=\box110
\@tempa=\box111
\@tempa=\box112
\@tempa=\box113
\@tempa=\box114
\@tempa=\box115
\@tempa=\box116
\c@minrows=\count378
\c@columnbadness=\count379
\c@finalcolumnbadness=\count380
\last@try=\dimen312
\multicolovershoot=\dimen313
\multicolundershoot=\dimen314
\mult@nat@firstbox=\box117
\colbreak@box=\box118
\mc@col@check@num=\count381
\g__mc_curr_col_int=\count382
)) (/usr/local/texlive/2026/texmf-dist/tex/latex/lipsum/lipsum.sty (/usr/local/
texlive/2026/texmf-dist/tex/latex/l3packages/l3keys2e/l3keys2e.sty
Package: l3keys2e 2025-10-09 LaTeX2e option processing using LaTeX3 keys
)
Package: lipsum 2021-09-20 v2.7 150 paragraphs of Lorem Ipsum dummy text
\g__lipsum_par_int=\count383
\l__lipsum_a_int=\count384
\l__lipsum_b_int=\count385
(/usr/local/texlive/2026/texmf-dist/tex/latex/lipsum/lipsum.ltd.tex)) (/usr/loc
al/texlive/2026/texmf-dist/tex/latex/ragged2e/ragged2e.sty
Package: ragged2e 2023/06/22 v3.6 ragged2e Package
\CenteringLeftskip=\skip195
\RaggedLeftLeftskip=\skip196
\RaggedRightLeftskip=\skip197
\CenteringRightskip=\skip198
\RaggedLeftRightskip=\skip199
\RaggedRightRightskip=\skip256
\CenteringParfillskip=\skip257
\RaggedLeftParfillskip=\skip258
\RaggedRightParfillskip=\skip259
\JustifyingParfillskip=\skip260
\CenteringParindent=\skip261
\RaggedLeftParindent=\skip262
\RaggedRightParindent=\skip263
\JustifyingParindent=\skip264
) (/usr/local/texlive/2026/texmf-dist/tex/latex/hyperref/hyperref.sty
Package: hyperref 2026-01-29 v7.01p Hypertext links for LaTeX
(/usr/local/texlive/2026/texmf-dist/tex/generic/kvdefinekeys/kvdefinekeys.sty
Package: kvdefinekeys 2019-12-19 v1.6 Define keys (HO)
) (/usr/local/texlive/2026/texmf-dist/tex/generic/pdfescape/pdfescape.sty
Package: pdfescape 2019/12/09 v1.15 Implements pdfTeX's escape features (HO)
(/usr/local/texlive/2026/texmf-dist/tex/generic/pdftexcmds/pdftexcmds.sty
Package: pdftexcmds 2020-06-27 v0.33 Utility functions of pdfTeX for LuaTeX (HO
)
Package pdftexcmds Info: \pdf@primitive is available.
Package pdftexcmds Info: \pdf@ifprimitive is available.
Package pdftexcmds Info: \pdfdraftmode not found.
)) (/usr/local/texlive/2026/texmf-dist/tex/latex/hycolor/hycolor.sty
Package: hycolor 2020-01-27 v1.10 Color options for hyperref/bookmark (HO)
) (/usr/local/texlive/2026/texmf-dist/tex/generic/stringenc/stringenc.sty
Package: stringenc 2019/11/29 v1.12 Convert strings between diff. encodings (HO
)
)
\@linkdim=\dimen315
\Hy@linkcounter=\count386
\Hy@pagecounter=\count387
(/usr/local/texlive/2026/texmf-dist/tex/latex/hyperref/pd1enc.def
File: pd1enc.def 2026-01-29 v7.01p Hyperref: PDFDocEncoding definition (HO)
) (/usr/local/texlive/2026/texmf-dist/tex/generic/intcalc/intcalc.sty
Package: intcalc 2019/12/15 v1.3 Expandable calculations with integers (HO)
)
\Hy@SavedSpaceFactor=\count388
(/usr/local/texlive/2026/texmf-dist/tex/latex/hyperref/puenc.def
File: puenc.def 2026-01-29 v7.01p Hyperref: PDF Unicode definition (HO)
)
Package hyperref Info: Hyper figures OFF on input line 4201.
Package hyperref Info: Link nesting OFF on input line 4206.
Package hyperref Info: Hyper index ON on input line 4209.
Package hyperref Info: Plain pages OFF on input line 4216.
Package hyperref Info: Backreferencing OFF on input line 4221.
Package hyperref Info: Implicit mode ON; LaTeX internals redefined.
Package hyperref Info: Bookmarks ON on input line 4468.
\c@Hy@tempcnt=\count389
LaTeX Info: Redefining \url on input line 4807.
\XeTeXLinkMargin=\dimen316
(/usr/local/texlive/2026/texmf-dist/tex/generic/bitset/bitset.sty
Package: bitset 2019/12/09 v1.3 Handle bit-vector datatype (HO)
(/usr/local/texlive/2026/texmf-dist/tex/generic/bigintcalc/bigintcalc.sty
Package: bigintcalc 2019/12/15 v1.5 Expandable calculations on big integers (HO
)
))
\Fld@menulength=\count390
\Field@Width=\dimen317
\Fld@charsize=\dimen318
Package hyperref Info: Hyper figures OFF on input line 6084.
Package hyperref Info: Link nesting OFF on input line 6089.
Package hyperref Info: Hyper index ON on input line 6092.
Package hyperref Info: backreferencing OFF on input line 6099.
Package hyperref Info: Link coloring OFF on input line 6104.
Package hyperref Info: Link coloring with OCG OFF on input line 6109.
Package hyperref Info: PDF/A mode OFF on input line 6114.
\Hy@abspage=\count391
\c@Item=\count392
\c@Hfootnote=\count393
)
Package hyperref Info: Driver (autodetected): hxetex.
(/usr/local/texlive/2026/texmf-dist/tex/latex/hyperref/hxetex.def
File: hxetex.def 2026-01-29 v7.01p Hyperref driver for XeTeX
\pdfm@box=\box119
\c@Hy@AnnotLevel=\count394
\HyField@AnnotCount=\count395
\Fld@listcount=\count396
\c@bookmark@seq@number=\count397

(/usr/local/texlive/2026/texmf-dist/tex/latex/rerunfilecheck/rerunfilecheck.sty
Package: rerunfilecheck 2025-06-21 v1.11 Rerun checks for auxiliary files (HO)

(/usr/local/texlive/2026/texmf-dist/tex/generic/uniquecounter/uniquecounter.sty
Package: uniquecounter 2019/12/15 v1.4 Provide unlimited unique counter (HO)
)
Package uniquecounter Info: New unique counter `rerunfilecheck' on input line 2
84.
)
\Hy@SectionHShift=\skip265
) (/usr/local/texlive/2026/texmf-dist/tex/latex/memoir/memhfixc.sty
Package: memhfixc 2025/09/16 v1.24 hyperref package fixes for memoir class
\c@memhycontfloat=\count398
\c@mem@Hpagenote=\count399
)
Package hyperref Info: Option `colorlinks' set `true' on input line 110.

Package fontspec Info: 
(fontspec)             Font family 'EBGaramond(0)' created for font 'EB
(fontspec)             Garamond' with options
(fontspec)             [Ligatures=TeX,Ligatures=TeX,Numbers=OldStyle,SmallCapsF
ont={EB
(fontspec)             Garamond SC},BoldFont={EB
(fontspec)             Garamond},BoldFeatures={FakeBold=2.5}].
(fontspec)              
(fontspec)              This font family consists of the following NFSS
(fontspec)             series/shapes:
(fontspec)              
(fontspec)             - 'normal' (m/n) with NFSS spec.: <->"EB
(fontspec)             Garamond/OT:script=latn;language=dflt;+onum;mapping=tex-
text;"
(fontspec)             - 'small caps'  (m/sc) with NFSS spec.: <->"EB Garamond
(fontspec)             SC/OT:script=latn;language=dflt;+onum;mapping=tex-text;"

(fontspec)             - 'bold' (b/n) with NFSS spec.: <->"EB
(fontspec)             Garamond/OT:script=latn;language=dflt;embolden=2.5;+onum
;mapping=tex-text;"
(fontspec)             - 'bold small caps'  (b/sc) with NFSS spec.: <->"EB
(fontspec)             Garamond
(fontspec)             SC/OT:script=latn;language=dflt;embolden=2.5;+onum;mappi
ng=tex-text;"
(fontspec)             - 'italic' (m/it) with NFSS spec.: <->"EB
(fontspec)             Garamond/I/OT:script=latn;language=dflt;+onum;mapping=te
x-text;"
(fontspec)             - 'italic small caps'  (m/scit) with NFSS spec.: <->"EB
(fontspec)             Garamond
(fontspec)             SC/OT:script=latn;language=dflt;+onum;mapping=tex-text;"

(fontspec)             - 'bold italic' (b/it) with NFSS spec.: <->"EB
(fontspec)             Garamond/I/OT:script=latn;language=dflt;+onum;mapping=te
x-text;"
(fontspec)             - 'bold italic small caps'  (b/scit) with NFSS spec.:
(fontspec)             <->"EB Garamond
(fontspec)             SC/OT:script=latn;language=dflt;+onum;mapping=tex-text;"


(./tex/microtype-fix.tex)
\rtr@idxfile=\write5
\openout5 = `rtr.idx'.

Writing index file rtr.idx
)

******************************************************
Stock height and width: 650.43pt by 433.62pt
Top and edge trims: 0pt and 0pt
Page height and width: 650.43pt by 433.62pt
Text height and width: 472.90942pt by 289pt
Spine and edge margins: 96.11923pt and 48.42076pt
Upper and lower margins: 83.11005pt and 94.41052pt
Headheight and headsep: 13.6pt and 19.8738pt
Footskip: 27.46295pt
Columnsep and columnseprule: 10pt and 0pt
Marginparsep and marginparwidth: 7pt and 34.42076pt
Sidecapsep and sidecapwidth: 7pt and 111pt
Sidebarhsep and sidebarwidth: 7pt and 111pt
Sidebarvsep and sidebartopsep: 13.6pt and 0pt
Sidebarheight: 539.9202pt
Sidefoothsep and sidefootwidth: 7pt and 111pt
Sidefootvsep and sidefootheight: 13.6pt and 539.9202pt
******************************************************

(./mains/main.tex (build/hc/rtr.aux)
\openout1 = `rtr.aux'.

LaTeX Font Info:    Checking defaults for OML/cmm/m/it on input line 3.
LaTeX Font Info:    ... okay on input line 3.
LaTeX Font Info:    Checking defaults for OMS/cmsy/m/n on input line 3.
LaTeX Font Info:    ... okay on input line 3.
LaTeX Font Info:    Checking defaults for OT1/cmr/m/n on input line 3.
LaTeX Font Info:    ... okay on input line 3.
LaTeX Font Info:    Checking defaults for T1/cmr/m/n on input line 3.
LaTeX Font Info:    ... okay on input line 3.
LaTeX Font Info:    Checking defaults for TS1/cmr/m/n on input line 3.
LaTeX Font Info:    ... okay on input line 3.
LaTeX Font Info:    Checking defaults for TU/lmr/m/n on input line 3.
LaTeX Font Info:    ... okay on input line 3.
LaTeX Font Info:    Checking defaults for OMX/cmex/m/n on input line 3.
LaTeX Font Info:    ... okay on input line 3.
LaTeX Font Info:    Checking defaults for U/cmr/m/n on input line 3.
LaTeX Font Info:    ... okay on input line 3.
LaTeX Font Info:    Checking defaults for PD1/pdf/m/n on input line 3.
LaTeX Font Info:    ... okay on input line 3.
LaTeX Font Info:    Checking defaults for PU/pdf/m/n on input line 3.
LaTeX Font Info:    ... okay on input line 3.
LaTeX Info: Redefining \microtypecontext on input line 3.
Package microtype Info: Applying patch `item' on input line 3.
Package microtype Info: Applying patch `toc' on input line 3.
Package microtype Info: Applying patch `eqnum' on input line 3.
Package microtype Info: Applying patch `footnote' on input line 3.
Package microtype Info: Applying patch `verbatim' on input line 3.
LaTeX Info: Redefining \microtypesetup on input line 3.
Package microtype Info: Character protrusion enabled (level 2).
Package microtype Info: Using default protrusion set `alltext'.
Package microtype Info: No adjustment of tracking.
Package microtype Info: No adjustment of spacing.
Package microtype Info: No adjustment of kerning.
(/usr/local/texlive/2026/texmf-dist/tex/latex/microtype/mt-EBGaramond.cfg
File: mt-EBGaramond.cfg 2021/10/25 v2.0 microtype config. file: EB Garamond / A
dobe Garamond (RS)
Package microtype Info: Redefining protrusion list `EBGaramond-TU' on input lin
e 1080.
Package microtype Info: protrusion codes list `EBGaramond-TU' will
(microtype)             override list `EBGaramond-TU' for 
(microtype)             font `TU/EBGaramond///' on input line 1080.
Package microtype Info: Redefining protrusion list `EBGaramond-it-TU' on input 
line 1160.
Package microtype Info: protrusion codes list `EBGaramond-it-TU' will
(microtype)             override list `EBGaramond-it-TU' for 
(microtype)             font `TU/EBGaramond//it/' on input line 1160.
)
Package microtype Info: Character `Ҫ' is missing
(microtype)             in font `\TU/EBGaramond(0)/m/n/10.95'.
(microtype)             Ignoring protrusion settings for this character.
Package microtype Info: Character `Ң' is missing
(microtype)             in font `\TU/EBGaramond(0)/m/n/10.95'.
(microtype)             Ignoring protrusion settings for this character.
Package microtype Info: Character `Ӊ' is missing
(microtype)             in font `\TU/EBGaramond(0)/m/n/10.95'.
(microtype)             Ignoring protrusion settings for this character.
Package microtype Info: Character `Ӈ' is missing
(microtype)             in font `\TU/EBGaramond(0)/m/n/10.95'.
(microtype)             Ignoring protrusion settings for this character.
Package microtype Info: Character `Ӎ' is missing
(microtype)             in font `\TU/EBGaramond(0)/m/n/10.95'.
(microtype)             Ignoring protrusion settings for this character.
Package microtype Info: Character `Ҏ' is missing
(microtype)             in font `\TU/EBGaramond(0)/m/n/10.95'.
(microtype)             Ignoring protrusion settings for this character.
Package microtype Info: Character `Ҭ' is missing
(microtype)             in font `\TU/EBGaramond(0)/m/n/10.95'.
(microtype)             Ignoring protrusion settings for this character.
Package microtype Info: Character `Ҳ' is missing
(microtype)             in font `\TU/EBGaramond(0)/m/n/10.95'.
(microtype)             Ignoring protrusion settings for this character.
Package microtype Info: Character `Ӽ' is missing
(microtype)             in font `\TU/EBGaramond(0)/m/n/10.95'.
(microtype)             Ignoring protrusion settings for this character.
Package microtype Info: Character `Ӿ' is missing
(microtype)             in font `\TU/EBGaramond(0)/m/n/10.95'.
(microtype)             Ignoring protrusion settings for this character.
Package microtype Info: Character `ҫ' is missing
(microtype)             in font `\TU/EBGaramond(0)/m/n/10.95'.
(microtype)             Ignoring protrusion settings for this character.
Package microtype Info: Character `ԧ' is missing
(microtype)             in font `\TU/EBGaramond(0)/m/n/10.95'.
(microtype)             Ignoring protrusion settings for this character.
Package microtype Info: Character `ԧ' is missing
(microtype)             in font `\TU/EBGaramond(0)/m/n/10.95'.
(microtype)             Ignoring protrusion settings for this character.
Package microtype Info: Character `ӏ' is missing
(microtype)             in font `\TU/EBGaramond(0)/m/n/10.95'.
(microtype)             Ignoring protrusion settings for this character.
Package microtype Info: Character `ҏ' is missing
(microtype)             in font `\TU/EBGaramond(0)/m/n/10.95'.
(microtype)             Ignoring protrusion settings for this character.
Package microtype Info: Character `ҳ' is missing
(microtype)             in font `\TU/EBGaramond(0)/m/n/10.95'.
(microtype)             Ignoring protrusion settings for this character.
Package microtype Info: Character `Ғ' is missing
(microtype)             in font `\TU/EBGaramond(0)/m/n/10.95'.
(microtype)             Ignoring protrusion settings for this character.
Package microtype Info: Character `Ӷ' is missing
(microtype)             in font `\TU/EBGaramond(0)/m/n/10.95'.
(microtype)             Ignoring protrusion settings for this character.
Package microtype Info: Character `Җ' is missing
(microtype)             in font `\TU/EBGaramond(0)/m/n/10.95'.
(microtype)             Ignoring protrusion settings for this character.
Package microtype Info: Character `Ѫ' is missing
(microtype)             in font `\TU/EBGaramond(0)/m/n/10.95'.
(microtype)             Ignoring protrusion settings for this character.
Package microtype Info: Character `Ҙ' is missing
(microtype)             in font `\TU/EBGaramond(0)/m/n/10.95'.
(microtype)             Ignoring protrusion settings for this character.
Package microtype Info: Character `Ҋ' is missing
(microtype)             in font `\TU/EBGaramond(0)/m/n/10.95'.
(microtype)             Ignoring protrusion settings for this character.
Package microtype Info: Character `Қ' is missing
(microtype)             in font `\TU/EBGaramond(0)/m/n/10.95'.
(microtype)             Ignoring protrusion settings for this character.
Package microtype Info: Character `Ҝ' is missing
(microtype)             in font `\TU/EBGaramond(0)/m/n/10.95'.
(microtype)             Ignoring protrusion settings for this character.
Package microtype Info: Character `Ҟ' is missing
(microtype)             in font `\TU/EBGaramond(0)/m/n/10.95'.
(microtype)             Ignoring protrusion settings for this character.
Package microtype Info: Character `Ҡ' is missing
(microtype)             in font `\TU/EBGaramond(0)/m/n/10.95'.
(microtype)             Ignoring protrusion settings for this character.
Package microtype Info: Character `Ӄ' is missing
(microtype)             in font `\TU/EBGaramond(0)/m/n/10.95'.
(microtype)             Ignoring protrusion settings for this character.
Package microtype Info: Character `Ӆ' is missing
(microtype)             in font `\TU/EBGaramond(0)/m/n/10.95'.
(microtype)             Ignoring protrusion settings for this character.
Package microtype Info: Character `Ԓ' is missing
(microtype)             in font `\TU/EBGaramond(0)/m/n/10.95'.
(microtype)             Ignoring protrusion settings for this character.
Package microtype Info: Character `Ԯ' is missing
(microtype)             in font `\TU/EBGaramond(0)/m/n/10.95'.
(microtype)             Ignoring protrusion settings for this character.
Package microtype Info: Character `Ԥ' is missing
(microtype)             in font `\TU/EBGaramond(0)/m/n/10.95'.
(microtype)             Ignoring protrusion settings for this character.
Package microtype Info: Character `Ҵ' is missing
(microtype)             in font `\TU/EBGaramond(0)/m/n/10.95'.
(microtype)             Ignoring protrusion settings for this character.
Package microtype Info: Character `Ҷ' is missing
(microtype)             in font `\TU/EBGaramond(0)/m/n/10.95'.
(microtype)             Ignoring protrusion settings for this character.
Package microtype Info: Character `Ҹ' is missing
(microtype)             in font `\TU/EBGaramond(0)/m/n/10.95'.
(microtype)             Ignoring protrusion settings for this character.
Package microtype Info: Character `Ӌ' is missing
(microtype)             in font `\TU/EBGaramond(0)/m/n/10.95'.
(microtype)             Ignoring protrusion settings for this character.
Package microtype Info: Character `Ҍ' is missing
(microtype)             in font `\TU/EBGaramond(0)/m/n/10.95'.
(microtype)             Ignoring protrusion settings for this character.
Package microtype Info: Character `Ҽ' is missing
(microtype)             in font `\TU/EBGaramond(0)/m/n/10.95'.
(microtype)             Ignoring protrusion settings for this character.
Package microtype Info: Character `ғ' is missing
(microtype)             in font `\TU/EBGaramond(0)/m/n/10.95'.
(microtype)             Ignoring protrusion settings for this character.
Package microtype Info: Character `ӷ' is missing
(microtype)             in font `\TU/EBGaramond(0)/m/n/10.95'.
(microtype)             Ignoring protrusion settings for this character.
Package microtype Info: Character `җ' is missing
(microtype)             in font `\TU/EBGaramond(0)/m/n/10.95'.
(microtype)             Ignoring protrusion settings for this character.
Package microtype Info: Character `ѫ' is missing
(microtype)             in font `\TU/EBGaramond(0)/m/n/10.95'.
(microtype)             Ignoring protrusion settings for this character.
Package microtype Info: Character `ҙ' is missing
(microtype)             in font `\TU/EBGaramond(0)/m/n/10.95'.
(microtype)             Ignoring protrusion settings for this character.
Package microtype Info: Character `ҋ' is missing
(microtype)             in font `\TU/EBGaramond(0)/m/n/10.95'.
(microtype)             Ignoring protrusion settings for this character.
Package microtype Info: Character `қ' is missing
(microtype)             in font `\TU/EBGaramond(0)/m/n/10.95'.
(microtype)             Ignoring protrusion settings for this character.
Package microtype Info: Character `ҝ' is missing
(microtype)             in font `\TU/EBGaramond(0)/m/n/10.95'.
(microtype)             Ignoring protrusion settings for this character.
Package microtype Info: Character `ӄ' is missing
(microtype)             in font `\TU/EBGaramond(0)/m/n/10.95'.
(microtype)             Ignoring protrusion settings for this character.
Package microtype Info: Character `ӆ' is missing
(microtype)             in font `\TU/EBGaramond(0)/m/n/10.95'.
(microtype)             Ignoring protrusion settings for this character.
Package microtype Info: Character `ԓ' is missing
(microtype)             in font `\TU/EBGaramond(0)/m/n/10.95'.
(microtype)             Ignoring protrusion settings for this character.
Package microtype Info: Character `ԯ' is missing
(microtype)             in font `\TU/EBGaramond(0)/m/n/10.95'.
(microtype)             Ignoring protrusion settings for this character.
Package microtype Info: Character `ӎ' is missing
(microtype)             in font `\TU/EBGaramond(0)/m/n/10.95'.
(microtype)             Ignoring protrusion settings for this character.
Package microtype Info: Character `ң' is missing
(microtype)             in font `\TU/EBGaramond(0)/m/n/10.95'.
(microtype)             Ignoring protrusion settings for this character.
Package microtype Info: Character `ӈ' is missing
(microtype)             in font `\TU/EBGaramond(0)/m/n/10.95'.
(microtype)             Ignoring protrusion settings for this character.
Package microtype Info: Character `ӊ' is missing
(microtype)             in font `\TU/EBGaramond(0)/m/n/10.95'.
(microtype)             Ignoring protrusion settings for this character.
Package microtype Info: Character `ԩ' is missing
(microtype)             in font `\TU/EBGaramond(0)/m/n/10.95'.
(microtype)             Ignoring protrusion settings for this character.
Package microtype Info: Character `ԥ' is missing
(microtype)             in font `\TU/EBGaramond(0)/m/n/10.95'.
(microtype)             Ignoring protrusion settings for this character.
Package microtype Info: Character `ҭ' is missing
(microtype)             in font `\TU/EBGaramond(0)/m/n/10.95'.
(microtype)             Ignoring protrusion settings for this character.
Package microtype Info: Character `ҵ' is missing
(microtype)             in font `\TU/EBGaramond(0)/m/n/10.95'.
(microtype)             Ignoring protrusion settings for this character.
Package microtype Info: Character `ҷ' is missing
(microtype)             in font `\TU/EBGaramond(0)/m/n/10.95'.
(microtype)             Ignoring protrusion settings for this character.
Package microtype Info: Character `ҹ' is missing
(microtype)             in font `\TU/EBGaramond(0)/m/n/10.95'.
(microtype)             Ignoring protrusion settings for this character.
Package microtype Info: Character `ӌ' is missing
(microtype)             in font `\TU/EBGaramond(0)/m/n/10.95'.
(microtype)             Ignoring protrusion settings for this character.
Package microtype Info: Character `ҽ' is missing
(microtype)             in font `\TU/EBGaramond(0)/m/n/10.95'.
(microtype)             Ignoring protrusion settings for this character.
Package microtype Info: Unknown slot number of character
(microtype)             `/one.tosf'
(microtype)             in font encoding `TU' in protrusion list
(microtype)             `EBGaramond-TU'.
Package microtype Info: Unknown slot number of character
(microtype)             `/two.tosf'
(microtype)             in font encoding `TU' in protrusion list
(microtype)             `EBGaramond-TU'.
Package microtype Info: Unknown slot number of character
(microtype)             `/three.tosf'
(microtype)             in font encoding `TU' in protrusion list
(microtype)             `EBGaramond-TU'.
Package microtype Info: Unknown slot number of character
(microtype)             `/four.tosf'
(microtype)             in font encoding `TU' in protrusion list
(microtype)             `EBGaramond-TU'.
Package microtype Info: Unknown slot number of character
(microtype)             `/five.tosf'
(microtype)             in font encoding `TU' in protrusion list
(microtype)             `EBGaramond-TU'.
Package microtype Info: Unknown slot number of character
(microtype)             `/six.tosf'
(microtype)             in font encoding `TU' in protrusion list
(microtype)             `EBGaramond-TU'.
Package microtype Info: Unknown slot number of character
(microtype)             `/seven.tosf'
(microtype)             in font encoding `TU' in protrusion list
(microtype)             `EBGaramond-TU'.
Package microtype Info: Unknown slot number of character
(microtype)             `/eight.tosf'
(microtype)             in font encoding `TU' in protrusion list
(microtype)             `EBGaramond-TU'.
Package microtype Info: Unknown slot number of character
(microtype)             `/nine.tosf'
(microtype)             in font encoding `TU' in protrusion list
(microtype)             `EBGaramond-TU'.
Package microtype Info: Unknown slot number of character
(microtype)             `/one.lf'
(microtype)             in font encoding `TU' in protrusion list
(microtype)             `EBGaramond-TU'.
Package microtype Info: Unknown slot number of character
(microtype)             `/two.lf'
(microtype)             in font encoding `TU' in protrusion list
(microtype)             `EBGaramond-TU'.
Package microtype Info: Unknown slot number of character
(microtype)             `/four.lf'
(microtype)             in font encoding `TU' in protrusion list
(microtype)             `EBGaramond-TU'.
Package microtype Info: Unknown slot number of character
(microtype)             `/seven.lf'
(microtype)             in font encoding `TU' in protrusion list
(microtype)             `EBGaramond-TU'.
Package microtype Info: Unknown slot number of character
(microtype)             `/one.osf'
(microtype)             in font encoding `TU' in protrusion list
(microtype)             `EBGaramond-TU'.
Package microtype Info: Unknown slot number of character
(microtype)             `/two.osf'
(microtype)             in font encoding `TU' in protrusion list
(microtype)             `EBGaramond-TU'.
Package microtype Info: Unknown slot number of character
(microtype)             `/four.osf'
(microtype)             in font encoding `TU' in protrusion list
(microtype)             `EBGaramond-TU'.
Package microtype Info: Unknown slot number of character
(microtype)             `/seven.osf'
(microtype)             in font encoding `TU' in protrusion list
(microtype)             `EBGaramond-TU'.
Package microtype Info: Character `₡' is missing
(microtype)             in font `\TU/EBGaramond(0)/m/n/10.95'.
(microtype)             Ignoring protrusion settings for this character.

Package fontspec Info: 
(fontspec)             Adjusting the maths setup (use [no-math] to avoid
(fontspec)             this).

\symlegacymaths=\mathgroup4
LaTeX Font Info:    Overwriting symbol font `legacymaths' in version `bold'
(Font)                  OT1/cmr/m/n --> OT1/cmr/bx/n on input line 3.
LaTeX Font Info:    Redeclaring math accent \acute on input line 3.
LaTeX Font Info:    Redeclaring math accent \grave on input line 3.
LaTeX Font Info:    Redeclaring math accent \ddot on input line 3.
LaTeX Font Info:    Redeclaring math accent \tilde on input line 3.
LaTeX Font Info:    Redeclaring math accent \bar on input line 3.
LaTeX Font Info:    Redeclaring math accent \breve on input line 3.
LaTeX Font Info:    Redeclaring math accent \check on input line 3.
LaTeX Font Info:    Redeclaring math accent \hat on input line 3.
LaTeX Font Info:    Redeclaring math accent \dot on input line 3.
LaTeX Font Info:    Redeclaring math accent \mathring on input line 3.
LaTeX Font Info:    Redeclaring math symbol \colon on input line 3.
LaTeX Font Info:    Redeclaring math symbol \Gamma on input line 3.
LaTeX Font Info:    Redeclaring math symbol \Delta on input line 3.
LaTeX Font Info:    Redeclaring math symbol \Theta on input line 3.
LaTeX Font Info:    Redeclaring math symbol \Lambda on input line 3.
LaTeX Font Info:    Redeclaring math symbol \Xi on input line 3.
LaTeX Font Info:    Redeclaring math symbol \Pi on input line 3.
LaTeX Font Info:    Redeclaring math symbol \Sigma on input line 3.
LaTeX Font Info:    Redeclaring math symbol \Upsilon on input line 3.
LaTeX Font Info:    Redeclaring math symbol \Phi on input line 3.
LaTeX Font Info:    Redeclaring math symbol \Psi on input line 3.
LaTeX Font Info:    Redeclaring math symbol \Omega on input line 3.
LaTeX Font Info:    Redeclaring math symbol \mathdollar on input line 3.
LaTeX Font Info:    Redeclaring symbol font `operators' on input line 3.
LaTeX Font Info:    Encoding `OT1' has changed to `TU' for symbol font
(Font)              `operators' in the math version `normal' on input line 3.
LaTeX Font Info:    Overwriting symbol font `operators' in version `normal'
(Font)                  OT1/cmr/m/n --> TU/EBGaramond(0)/m/n on input line 3.
LaTeX Font Info:    Encoding `OT1' has changed to `TU' for symbol font
(Font)              `operators' in the math version `bold' on input line 3.
LaTeX Font Info:    Overwriting symbol font `operators' in version `bold'
(Font)                  OT1/cmr/bx/n --> TU/EBGaramond(0)/m/n on input line 3.
LaTeX Font Info:    Overwriting symbol font `operators' in version `normal'
(Font)                  TU/EBGaramond(0)/m/n --> TU/EBGaramond(0)/m/n on input 
line 3.
LaTeX Font Info:    Overwriting math alphabet `\mathit' in version `normal'
(Font)                  OT1/cmr/m/it --> TU/EBGaramond(0)/m/it on input line 3.

LaTeX Font Info:    Overwriting math alphabet `\mathbf' in version `normal'
(Font)                  OT1/cmr/bx/n --> TU/EBGaramond(0)/b/n on input line 3.
LaTeX Font Info:    Overwriting math alphabet `\mathsf' in version `normal'
(Font)                  OT1/cmss/m/n --> TU/lmss/m/n on input line 3.
LaTeX Font Info:    Overwriting math alphabet `\mathtt' in version `normal'
(Font)                  OT1/cmtt/m/n --> TU/lmtt/m/n on input line 3.
LaTeX Font Info:    Overwriting symbol font `operators' in version `bold'
(Font)                  TU/EBGaramond(0)/m/n --> TU/EBGaramond(0)/b/n on input 
line 3.
LaTeX Font Info:    Overwriting math alphabet `\mathit' in version `bold'
(Font)                  OT1/cmr/bx/it --> TU/EBGaramond(0)/b/it on input line 3
.
LaTeX Font Info:    Overwriting math alphabet `\mathsf' in version `bold'
(Font)                  OT1/cmss/bx/n --> TU/lmss/b/n on input line 3.
LaTeX Font Info:    Overwriting math alphabet `\mathtt' in version `bold'
(Font)                  OT1/cmtt/m/n --> TU/lmtt/b/n on input line 3.
Package hyperref Info: Link coloring ON on input line 3.
\@outlinefile=\write6
\openout6 = `rtr.out'.


Package hyperref Warning: Rerun to get /PageLabels entry.

(./content/FrontMatter/HalfTitle.tex
Package microtype Info: Character `156' is missing
(microtype)             in font `\TU/EBGaramond(0)/m/it/10.95'.
(microtype)             Ignoring protrusion settings for this character.
Package microtype Info: Unknown slot number of character
(microtype)             `/zero.tosf'
(microtype)             in font encoding `TU' in protrusion list
(microtype)             `EBGaramond-it-TU'.
Package microtype Info: Unknown slot number of character
(microtype)             `/one.tosf'
(microtype)             in font encoding `TU' in protrusion list
(microtype)             `EBGaramond-it-TU'.
Package microtype Info: Unknown slot number of character
(microtype)             `/two.tosf'
(microtype)             in font encoding `TU' in protrusion list
(microtype)             `EBGaramond-it-TU'.
Package microtype Info: Unknown slot number of character
(microtype)             `/three.tosf'
(microtype)             in font encoding `TU' in protrusion list
(microtype)             `EBGaramond-it-TU'.
Package microtype Info: Unknown slot number of character
(microtype)             `/four.tosf'
(microtype)             in font encoding `TU' in protrusion list
(microtype)             `EBGaramond-it-TU'.
Package microtype Info: Unknown slot number of character
(microtype)             `/five.tosf'
(microtype)             in font encoding `TU' in protrusion list
(microtype)             `EBGaramond-it-TU'.
Package microtype Info: Unknown slot number of character
(microtype)             `/six.tosf'
(microtype)             in font encoding `TU' in protrusion list
(microtype)             `EBGaramond-it-TU'.
Package microtype Info: Unknown slot number of character
(microtype)             `/seven.tosf'
(microtype)             in font encoding `TU' in protrusion list
(microtype)             `EBGaramond-it-TU'.
Package microtype Info: Unknown slot number of character
(microtype)             `/eight.tosf'
(microtype)             in font encoding `TU' in protrusion list
(microtype)             `EBGaramond-it-TU'.
Package microtype Info: Unknown slot number of character
(microtype)             `/nine.tosf'
(microtype)             in font encoding `TU' in protrusion list
(microtype)             `EBGaramond-it-TU'.
Package microtype Info: Unknown slot number of character
(microtype)             `/one.lf'
(microtype)             in font encoding `TU' in protrusion list
(microtype)             `EBGaramond-it-TU'.
Package microtype Info: Unknown slot number of character
(microtype)             `/two.lf'
(microtype)             in font encoding `TU' in protrusion list
(microtype)             `EBGaramond-it-TU'.
Package microtype Info: Unknown slot number of character
(microtype)             `/three.lf'
(microtype)             in font encoding `TU' in protrusion list
(microtype)             `EBGaramond-it-TU'.
Package microtype Info: Unknown slot number of character
(microtype)             `/four.lf'
(microtype)             in font encoding `TU' in protrusion list
(microtype)             `EBGaramond-it-TU'.
Package microtype Info: Unknown slot number of character
(microtype)             `/five.lf'
(microtype)             in font encoding `TU' in protrusion list
(microtype)             `EBGaramond-it-TU'.
Package microtype Info: Unknown slot number of character
(microtype)             `/six.lf'
(microtype)             in font encoding `TU' in protrusion list
(microtype)             `EBGaramond-it-TU'.
Package microtype Info: Unknown slot number of character
(microtype)             `/seven.lf'
(microtype)             in font encoding `TU' in protrusion list
(microtype)             `EBGaramond-it-TU'.
Package microtype Info: Unknown slot number of character
(microtype)             `/eight.lf'
(microtype)             in font encoding `TU' in protrusion list
(microtype)             `EBGaramond-it-TU'.
Package microtype Info: Unknown slot number of character
(microtype)             `/nine.lf'
(microtype)             in font encoding `TU' in protrusion list
(microtype)             `EBGaramond-it-TU'.
Package microtype Info: Unknown slot number of character
(microtype)             `/one.osf'
(microtype)             in font encoding `TU' in protrusion list
(microtype)             `EBGaramond-it-TU'.
Package microtype Info: Unknown slot number of character
(microtype)             `/two.osf'
(microtype)             in font encoding `TU' in protrusion list
(microtype)             `EBGaramond-it-TU'.
Package microtype Info: Unknown slot number of character
(microtype)             `/three.osf'
(microtype)             in font encoding `TU' in protrusion list
(microtype)             `EBGaramond-it-TU'.
Package microtype Info: Unknown slot number of character
(microtype)             `/four.osf'
(microtype)             in font encoding `TU' in protrusion list
(microtype)             `EBGaramond-it-TU'.
Package microtype Info: Unknown slot number of character
(microtype)             `/seven.osf'
(microtype)             in font encoding `TU' in protrusion list
(microtype)             `EBGaramond-it-TU'.
Package microtype Info: Character `℃' is missing
(microtype)             in font `\TU/EBGaramond(0)/m/it/10.95'.
(microtype)             Ignoring protrusion settings for this character.
Package microtype Info: Character `ƒ' is missing
(microtype)             in font `\TU/EBGaramond(0)/m/it/10.95'.
(microtype)             Ignoring protrusion settings for this character.
Package microtype Info: Character `₡' is missing
(microtype)             in font `\TU/EBGaramond(0)/m/it/10.95'.
(microtype)             Ignoring protrusion settings for this character.
Package microtype Info: Character `156' is missing
(microtype)             in font `\TU/EBGaramond(0)/m/it/20.74'.
(microtype)             Ignoring protrusion settings for this character.
Package microtype Info: Unknown slot number of character
(microtype)             `/zero.tosf'
(microtype)             in font encoding `TU' in protrusion list
(microtype)             `EBGaramond-it-TU'.
Package microtype Info: Unknown slot number of character
(microtype)             `/one.tosf'
(microtype)             in font encoding `TU' in protrusion list
(microtype)             `EBGaramond-it-TU'.
Package microtype Info: Unknown slot number of character
(microtype)             `/two.tosf'
(microtype)             in font encoding `TU' in protrusion list
(microtype)             `EBGaramond-it-TU'.
Package microtype Info: Unknown slot number of character
(microtype)             `/three.tosf'
(microtype)             in font encoding `TU' in protrusion list
(microtype)             `EBGaramond-it-TU'.
Package microtype Info: Unknown slot number of character
(microtype)             `/four.tosf'
(microtype)             in font encoding `TU' in protrusion list
(microtype)             `EBGaramond-it-TU'.
Package microtype Info: Unknown slot number of character
(microtype)             `/five.tosf'
(microtype)             in font encoding `TU' in protrusion list
(microtype)             `EBGaramond-it-TU'.
Package microtype Info: Unknown slot number of character
(microtype)             `/six.tosf'
(microtype)             in font encoding `TU' in protrusion list
(microtype)             `EBGaramond-it-TU'.
Package microtype Info: Unknown slot number of character
(microtype)             `/seven.tosf'
(microtype)             in font encoding `TU' in protrusion list
(microtype)             `EBGaramond-it-TU'.
Package microtype Info: Unknown slot number of character
(microtype)             `/eight.tosf'
(microtype)             in font encoding `TU' in protrusion list
(microtype)             `EBGaramond-it-TU'.
Package microtype Info: Unknown slot number of character
(microtype)             `/nine.tosf'
(microtype)             in font encoding `TU' in protrusion list
(microtype)             `EBGaramond-it-TU'.
Package microtype Info: Unknown slot number of character
(microtype)             `/one.lf'
(microtype)             in font encoding `TU' in protrusion list
(microtype)             `EBGaramond-it-TU'.
Package microtype Info: Unknown slot number of character
(microtype)             `/two.lf'
(microtype)             in font encoding `TU' in protrusion list
(microtype)             `EBGaramond-it-TU'.
Package microtype Info: Unknown slot number of character
(microtype)             `/three.lf'
(microtype)             in font encoding `TU' in protrusion list
(microtype)             `EBGaramond-it-TU'.
Package microtype Info: Unknown slot number of character
(microtype)             `/four.lf'
(microtype)             in font encoding `TU' in protrusion list
(microtype)             `EBGaramond-it-TU'.
Package microtype Info: Unknown slot number of character
(microtype)             `/five.lf'
(microtype)             in font encoding `TU' in protrusion list
(microtype)             `EBGaramond-it-TU'.
Package microtype Info: Unknown slot number of character
(microtype)             `/six.lf'
(microtype)             in font encoding `TU' in protrusion list
(microtype)             `EBGaramond-it-TU'.
Package microtype Info: Unknown slot number of character
(microtype)             `/seven.lf'
(microtype)             in font encoding `TU' in protrusion list
(microtype)             `EBGaramond-it-TU'.
Package microtype Info: Unknown slot number of character
(microtype)             `/eight.lf'
(microtype)             in font encoding `TU' in protrusion list
(microtype)             `EBGaramond-it-TU'.
Package microtype Info: Unknown slot number of character
(microtype)             `/nine.lf'
(microtype)             in font encoding `TU' in protrusion list
(microtype)             `EBGaramond-it-TU'.
Package microtype Info: Unknown slot number of character
(microtype)             `/one.osf'
(microtype)             in font encoding `TU' in protrusion list
(microtype)             `EBGaramond-it-TU'.
Package microtype Info: Unknown slot number of character
(microtype)             `/two.osf'
(microtype)             in font encoding `TU' in protrusion list
(microtype)             `EBGaramond-it-TU'.
Package microtype Info: Unknown slot number of character
(microtype)             `/three.osf'
(microtype)             in font encoding `TU' in protrusion list
(microtype)             `EBGaramond-it-TU'.
Package microtype Info: Unknown slot number of character
(microtype)             `/four.osf'
(microtype)             in font encoding `TU' in protrusion list
(microtype)             `EBGaramond-it-TU'.
Package microtype Info: Unknown slot number of character
(microtype)             `/seven.osf'
(microtype)             in font encoding `TU' in protrusion list
(microtype)             `EBGaramond-it-TU'.
Package microtype Info: Character `℃' is missing
(microtype)             in font `\TU/EBGaramond(0)/m/it/20.74'.
(microtype)             Ignoring protrusion settings for this character.
Package microtype Info: Character `ƒ' is missing
(microtype)             in font `\TU/EBGaramond(0)/m/it/20.74'.
(microtype)             Ignoring protrusion settings for this character.
Package microtype Info: Character `₡' is missing
(microtype)             in font `\TU/EBGaramond(0)/m/it/20.74'.
(microtype)             Ignoring protrusion settings for this character.
Package microtype Info: Character `156' is missing
(microtype)             in font `\TU/EBGaramond(0)/b/it/10.95'.
(microtype)             Ignoring protrusion settings for this character.
Package microtype Info: Unknown slot number of character
(microtype)             `/zero.tosf'
(microtype)             in font encoding `TU' in protrusion list
(microtype)             `EBGaramond-it-TU'.
Package microtype Info: Unknown slot number of character
(microtype)             `/one.tosf'
(microtype)             in font encoding `TU' in protrusion list
(microtype)             `EBGaramond-it-TU'.
Package microtype Info: Unknown slot number of character
(microtype)             `/two.tosf'
(microtype)             in font encoding `TU' in protrusion list
(microtype)             `EBGaramond-it-TU'.
Package microtype Info: Unknown slot number of character
(microtype)             `/three.tosf'
(microtype)             in font encoding `TU' in protrusion list
(microtype)             `EBGaramond-it-TU'.
Package microtype Info: Unknown slot number of character
(microtype)             `/four.tosf'
(microtype)             in font encoding `TU' in protrusion list
(microtype)             `EBGaramond-it-TU'.
Package microtype Info: Unknown slot number of character
(microtype)             `/five.tosf'
(microtype)             in font encoding `TU' in protrusion list
(microtype)             `EBGaramond-it-TU'.
Package microtype Info: Unknown slot number of character
(microtype)             `/six.tosf'
(microtype)             in font encoding `TU' in protrusion list
(microtype)             `EBGaramond-it-TU'.
Package microtype Info: Unknown slot number of character
(microtype)             `/seven.tosf'
(microtype)             in font encoding `TU' in protrusion list
(microtype)             `EBGaramond-it-TU'.
Package microtype Info: Unknown slot number of character
(microtype)             `/eight.tosf'
(microtype)             in font encoding `TU' in protrusion list
(microtype)             `EBGaramond-it-TU'.
Package microtype Info: Unknown slot number of character
(microtype)             `/nine.tosf'
(microtype)             in font encoding `TU' in protrusion list
(microtype)             `EBGaramond-it-TU'.
Package microtype Info: Unknown slot number of character
(microtype)             `/one.lf'
(microtype)             in font encoding `TU' in protrusion list
(microtype)             `EBGaramond-it-TU'.
Package microtype Info: Unknown slot number of character
(microtype)             `/two.lf'
(microtype)             in font encoding `TU' in protrusion list
(microtype)             `EBGaramond-it-TU'.
Package microtype Info: Unknown slot number of character
(microtype)             `/three.lf'
(microtype)             in font encoding `TU' in protrusion list
(microtype)             `EBGaramond-it-TU'.
Package microtype Info: Unknown slot number of character
(microtype)             `/four.lf'
(microtype)             in font encoding `TU' in protrusion list
(microtype)             `EBGaramond-it-TU'.
Package microtype Info: Unknown slot number of character
(microtype)             `/five.lf'
(microtype)             in font encoding `TU' in protrusion list
(microtype)             `EBGaramond-it-TU'.
Package microtype Info: Unknown slot number of character
(microtype)             `/six.lf'
(microtype)             in font encoding `TU' in protrusion list
(microtype)             `EBGaramond-it-TU'.
Package microtype Info: Unknown slot number of character
(microtype)             `/seven.lf'
(microtype)             in font encoding `TU' in protrusion list
(microtype)             `EBGaramond-it-TU'.
Package microtype Info: Unknown slot number of character
(microtype)             `/eight.lf'
(microtype)             in font encoding `TU' in protrusion list
(microtype)             `EBGaramond-it-TU'.
Package microtype Info: Unknown slot number of character
(microtype)             `/nine.lf'
(microtype)             in font encoding `TU' in protrusion list
(microtype)             `EBGaramond-it-TU'.
Package microtype Info: Unknown slot number of character
(microtype)             `/one.osf'
(microtype)             in font encoding `TU' in protrusion list
(microtype)             `EBGaramond-it-TU'.
Package microtype Info: Unknown slot number of character
(microtype)             `/two.osf'
(microtype)             in font encoding `TU' in protrusion list
(microtype)             `EBGaramond-it-TU'.
Package microtype Info: Unknown slot number of character
(microtype)             `/three.osf'
(microtype)             in font encoding `TU' in protrusion list
(microtype)             `EBGaramond-it-TU'.
Package microtype Info: Unknown slot number of character
(microtype)             `/four.osf'
(microtype)             in font encoding `TU' in protrusion list
(microtype)             `EBGaramond-it-TU'.
Package microtype Info: Unknown slot number of character
(microtype)             `/seven.osf'
(microtype)             in font encoding `TU' in protrusion list
(microtype)             `EBGaramond-it-TU'.
Package microtype Info: Character `℃' is missing
(microtype)             in font `\TU/EBGaramond(0)/b/it/10.95'.
(microtype)             Ignoring protrusion settings for this character.
Package microtype Info: Character `ƒ' is missing
(microtype)             in font `\TU/EBGaramond(0)/b/it/10.95'.
(microtype)             Ignoring protrusion settings for this character.
Package microtype Info: Character `₡' is missing
(microtype)             in font `\TU/EBGaramond(0)/b/it/10.95'.
(microtype)             Ignoring protrusion settings for this character.
Package microtype Info: Character `156' is missing
(microtype)             in font `\TU/EBGaramond(0)/b/it/14.4'.
(microtype)             Ignoring protrusion settings for this character.
Package microtype Info: Unknown slot number of character
(microtype)             `/zero.tosf'
(microtype)             in font encoding `TU' in protrusion list
(microtype)             `EBGaramond-it-TU'.
Package microtype Info: Unknown slot number of character
(microtype)             `/one.tosf'
(microtype)             in font encoding `TU' in protrusion list
(microtype)             `EBGaramond-it-TU'.
Package microtype Info: Unknown slot number of character
(microtype)             `/two.tosf'
(microtype)             in font encoding `TU' in protrusion list
(microtype)             `EBGaramond-it-TU'.
Package microtype Info: Unknown slot number of character
(microtype)             `/three.tosf'
(microtype)             in font encoding `TU' in protrusion list
(microtype)             `EBGaramond-it-TU'.
Package microtype Info: Unknown slot number of character
(microtype)             `/four.tosf'
(microtype)             in font encoding `TU' in protrusion list
(microtype)             `EBGaramond-it-TU'.
Package microtype Info: Unknown slot number of character
(microtype)             `/five.tosf'
(microtype)             in font encoding `TU' in protrusion list
(microtype)             `EBGaramond-it-TU'.
Package microtype Info: Unknown slot number of character
(microtype)             `/six.tosf'
(microtype)             in font encoding `TU' in protrusion list
(microtype)             `EBGaramond-it-TU'.
Package microtype Info: Unknown slot number of character
(microtype)             `/seven.tosf'
(microtype)             in font encoding `TU' in protrusion list
(microtype)             `EBGaramond-it-TU'.
Package microtype Info: Unknown slot number of character
(microtype)             `/eight.tosf'
(microtype)             in font encoding `TU' in protrusion list
(microtype)             `EBGaramond-it-TU'.
Package microtype Info: Unknown slot number of character
(microtype)             `/nine.tosf'
(microtype)             in font encoding `TU' in protrusion list
(microtype)             `EBGaramond-it-TU'.
Package microtype Info: Unknown slot number of character
(microtype)             `/one.lf'
(microtype)             in font encoding `TU' in protrusion list
(microtype)             `EBGaramond-it-TU'.
Package microtype Info: Unknown slot number of character
(microtype)             `/two.lf'
(microtype)             in font encoding `TU' in protrusion list
(microtype)             `EBGaramond-it-TU'.
Package microtype Info: Unknown slot number of character
(microtype)             `/three.lf'
(microtype)             in font encoding `TU' in protrusion list
(microtype)             `EBGaramond-it-TU'.
Package microtype Info: Unknown slot number of character
(microtype)             `/four.lf'
(microtype)             in font encoding `TU' in protrusion list
(microtype)             `EBGaramond-it-TU'.
Package microtype Info: Unknown slot number of character
(microtype)             `/five.lf'
(microtype)             in font encoding `TU' in protrusion list
(microtype)             `EBGaramond-it-TU'.
Package microtype Info: Unknown slot number of character
(microtype)             `/six.lf'
(microtype)             in font encoding `TU' in protrusion list
(microtype)             `EBGaramond-it-TU'.
Package microtype Info: Unknown slot number of character
(microtype)             `/seven.lf'
(microtype)             in font encoding `TU' in protrusion list
(microtype)             `EBGaramond-it-TU'.
Package microtype Info: Unknown slot number of character
(microtype)             `/eight.lf'
(microtype)             in font encoding `TU' in protrusion list
(microtype)             `EBGaramond-it-TU'.
Package microtype Info: Unknown slot number of character
(microtype)             `/nine.lf'
(microtype)             in font encoding `TU' in protrusion list
(microtype)             `EBGaramond-it-TU'.
Package microtype Info: Unknown slot number of character
(microtype)             `/one.osf'
(microtype)             in font encoding `TU' in protrusion list
(microtype)             `EBGaramond-it-TU'.
Package microtype Info: Unknown slot number of character
(microtype)             `/two.osf'
(microtype)             in font encoding `TU' in protrusion list
(microtype)             `EBGaramond-it-TU'.
Package microtype Info: Unknown slot number of character
(microtype)             `/three.osf'
(microtype)             in font encoding `TU' in protrusion list
(microtype)             `EBGaramond-it-TU'.
Package microtype Info: Unknown slot number of character
(microtype)             `/four.osf'
(microtype)             in font encoding `TU' in protrusion list
(microtype)             `EBGaramond-it-TU'.
Package microtype Info: Unknown slot number of character
(microtype)             `/seven.osf'
(microtype)             in font encoding `TU' in protrusion list
(microtype)             `EBGaramond-it-TU'.
Package microtype Info: Character `℃' is missing
(microtype)             in font `\TU/EBGaramond(0)/b/it/14.4'.
(microtype)             Ignoring protrusion settings for this character.
Package microtype Info: Character `ƒ' is missing
(microtype)             in font `\TU/EBGaramond(0)/b/it/14.4'.
(microtype)             Ignoring protrusion settings for this character.
Package microtype Info: Character `₡' is missing
(microtype)             in font `\TU/EBGaramond(0)/b/it/14.4'.
(microtype)             Ignoring protrusion settings for this character.
(./build/stamp.tex)) [1


] [2

] (./content/FrontMatter/TitlePage.tex
Package microtype Info: Unknown slot number of character
(microtype)             `/one.tosf'
(microtype)             in font encoding `TU' in protrusion list
(microtype)             `EBGaramond-TU'.
Package microtype Info: Unknown slot number of character
(microtype)             `/two.tosf'
(microtype)             in font encoding `TU' in protrusion list
(microtype)             `EBGaramond-TU'.
Package microtype Info: Unknown slot number of character
(microtype)             `/three.tosf'
(microtype)             in font encoding `TU' in protrusion list
(microtype)             `EBGaramond-TU'.
Package microtype Info: Unknown slot number of character
(microtype)             `/four.tosf'
(microtype)             in font encoding `TU' in protrusion list
(microtype)             `EBGaramond-TU'.
Package microtype Info: Unknown slot number of character
(microtype)             `/five.tosf'
(microtype)             in font encoding `TU' in protrusion list
(microtype)             `EBGaramond-TU'.
Package microtype Info: Unknown slot number of character
(microtype)             `/six.tosf'
(microtype)             in font encoding `TU' in protrusion list
(microtype)             `EBGaramond-TU'.
Package microtype Info: Unknown slot number of character
(microtype)             `/seven.tosf'
(microtype)             in font encoding `TU' in protrusion list
(microtype)             `EBGaramond-TU'.
Package microtype Info: Unknown slot number of character
(microtype)             `/eight.tosf'
(microtype)             in font encoding `TU' in protrusion list
(microtype)             `EBGaramond-TU'.
Package microtype Info: Unknown slot number of character
(microtype)             `/nine.tosf'
(microtype)             in font encoding `TU' in protrusion list
(microtype)             `EBGaramond-TU'.
Package microtype Info: Unknown slot number of character
(microtype)             `/one.lf'
(microtype)             in font encoding `TU' in protrusion list
(microtype)             `EBGaramond-TU'.
Package microtype Info: Unknown slot number of character
(microtype)             `/two.lf'
(microtype)             in font encoding `TU' in protrusion list
(microtype)             `EBGaramond-TU'.
Package microtype Info: Unknown slot number of character
(microtype)             `/four.lf'
(microtype)             in font encoding `TU' in protrusion list
(microtype)             `EBGaramond-TU'.
Package microtype Info: Unknown slot number of character
(microtype)             `/seven.lf'
(microtype)             in font encoding `TU' in protrusion list
(microtype)             `EBGaramond-TU'.
Package microtype Info: Unknown slot number of character
(microtype)             `/one.osf'
(microtype)             in font encoding `TU' in protrusion list
(microtype)             `EBGaramond-TU'.
Package microtype Info: Unknown slot number of character
(microtype)             `/two.osf'
(microtype)             in font encoding `TU' in protrusion list
(microtype)             `EBGaramond-TU'.
Package microtype Info: Unknown slot number of character
(microtype)             `/four.osf'
(microtype)             in font encoding `TU' in protrusion list
(microtype)             `EBGaramond-TU'.
Package microtype Info: Unknown slot number of character
(microtype)             `/seven.osf'
(microtype)             in font encoding `TU' in protrusion list
(microtype)             `EBGaramond-TU'.
Package microtype Info: Character `₡' is missing
(microtype)             in font `\TU/EBGaramond(0)/m/n/17.28'.
(microtype)             Ignoring protrusion settings for this character.
Package microtype Info: Unknown slot number of character
(microtype)             `/one.tosf'
(microtype)             in font encoding `TU' in protrusion list
(microtype)             `EBGaramond-TU'.
Package microtype Info: Unknown slot number of character
(microtype)             `/two.tosf'
(microtype)             in font encoding `TU' in protrusion list
(microtype)             `EBGaramond-TU'.
Package microtype Info: Unknown slot number of character
(microtype)             `/three.tosf'
(microtype)             in font encoding `TU' in protrusion list
(microtype)             `EBGaramond-TU'.
Package microtype Info: Unknown slot number of character
(microtype)             `/four.tosf'
(microtype)             in font encoding `TU' in protrusion list
(microtype)             `EBGaramond-TU'.
Package microtype Info: Unknown slot number of character
(microtype)             `/five.tosf'
(microtype)             in font encoding `TU' in protrusion list
(microtype)             `EBGaramond-TU'.
Package microtype Info: Unknown slot number of character
(microtype)             `/six.tosf'
(microtype)             in font encoding `TU' in protrusion list
(microtype)             `EBGaramond-TU'.
Package microtype Info: Unknown slot number of character
(microtype)             `/seven.tosf'
(microtype)             in font encoding `TU' in protrusion list
(microtype)             `EBGaramond-TU'.
Package microtype Info: Unknown slot number of character
(microtype)             `/eight.tosf'
(microtype)             in font encoding `TU' in protrusion list
(microtype)             `EBGaramond-TU'.
Package microtype Info: Unknown slot number of character
(microtype)             `/nine.tosf'
(microtype)             in font encoding `TU' in protrusion list
(microtype)             `EBGaramond-TU'.
Package microtype Info: Unknown slot number of character
(microtype)             `/one.lf'
(microtype)             in font encoding `TU' in protrusion list
(microtype)             `EBGaramond-TU'.
Package microtype Info: Unknown slot number of character
(microtype)             `/two.lf'
(microtype)             in font encoding `TU' in protrusion list
(microtype)             `EBGaramond-TU'.
Package microtype Info: Unknown slot number of character
(microtype)             `/four.lf'
(microtype)             in font encoding `TU' in protrusion list
(microtype)             `EBGaramond-TU'.
Package microtype Info: Unknown slot number of character
(microtype)             `/seven.lf'
(microtype)             in font encoding `TU' in protrusion list
(microtype)             `EBGaramond-TU'.
Package microtype Info: Unknown slot number of character
(microtype)             `/one.osf'
(microtype)             in font encoding `TU' in protrusion list
(microtype)             `EBGaramond-TU'.
Package microtype Info: Unknown slot number of character
(microtype)             `/two.osf'
(microtype)             in font encoding `TU' in protrusion list
(microtype)             `EBGaramond-TU'.
Package microtype Info: Unknown slot number of character
(microtype)             `/four.osf'
(microtype)             in font encoding `TU' in protrusion list
(microtype)             `EBGaramond-TU'.
Package microtype Info: Unknown slot number of character
(microtype)             `/seven.osf'
(microtype)             in font encoding `TU' in protrusion list
(microtype)             `EBGaramond-TU'.
Package microtype Info: Character `₡' is missing
(microtype)             in font `\TU/EBGaramond(0)/m/n/10'.
(microtype)             Ignoring protrusion settings for this character.
Package microtype Info: Unknown slot number of character
(microtype)             `/one.tosf'
(microtype)             in font encoding `TU' in protrusion list
(microtype)             `EBGaramond-TU'.
Package microtype Info: Unknown slot number of character
(microtype)             `/two.tosf'
(microtype)             in font encoding `TU' in protrusion list
(microtype)             `EBGaramond-TU'.
Package microtype Info: Unknown slot number of character
(microtype)             `/three.tosf'
(microtype)             in font encoding `TU' in protrusion list
(microtype)             `EBGaramond-TU'.
Package microtype Info: Unknown slot number of character
(microtype)             `/four.tosf'
(microtype)             in font encoding `TU' in protrusion list
(microtype)             `EBGaramond-TU'.
Package microtype Info: Unknown slot number of character
(microtype)             `/five.tosf'
(microtype)             in font encoding `TU' in protrusion list
(microtype)             `EBGaramond-TU'.
Package microtype Info: Unknown slot number of character
(microtype)             `/six.tosf'
(microtype)             in font encoding `TU' in protrusion list
(microtype)             `EBGaramond-TU'.
Package microtype Info: Unknown slot number of character
(microtype)             `/seven.tosf'
(microtype)             in font encoding `TU' in protrusion list
(microtype)             `EBGaramond-TU'.
Package microtype Info: Unknown slot number of character
(microtype)             `/eight.tosf'
(microtype)             in font encoding `TU' in protrusion list
(microtype)             `EBGaramond-TU'.
Package microtype Info: Unknown slot number of character
(microtype)             `/nine.tosf'
(microtype)             in font encoding `TU' in protrusion list
(microtype)             `EBGaramond-TU'.
Package microtype Info: Unknown slot number of character
(microtype)             `/one.lf'
(microtype)             in font encoding `TU' in protrusion list
(microtype)             `EBGaramond-TU'.
Package microtype Info: Unknown slot number of character
(microtype)             `/two.lf'
(microtype)             in font encoding `TU' in protrusion list
(microtype)             `EBGaramond-TU'.
Package microtype Info: Unknown slot number of character
(microtype)             `/four.lf'
(microtype)             in font encoding `TU' in protrusion list
(microtype)             `EBGaramond-TU'.
Package microtype Info: Unknown slot number of character
(microtype)             `/seven.lf'
(microtype)             in font encoding `TU' in protrusion list
(microtype)             `EBGaramond-TU'.
Package microtype Info: Unknown slot number of character
(microtype)             `/one.osf'
(microtype)             in font encoding `TU' in protrusion list
(microtype)             `EBGaramond-TU'.
Package microtype Info: Unknown slot number of character
(microtype)             `/two.osf'
(microtype)             in font encoding `TU' in protrusion list
(microtype)             `EBGaramond-TU'.
Package microtype Info: Unknown slot number of character
(microtype)             `/four.osf'
(microtype)             in font encoding `TU' in protrusion list
(microtype)             `EBGaramond-TU'.
Package microtype Info: Unknown slot number of character
(microtype)             `/seven.osf'
(microtype)             in font encoding `TU' in protrusion list
(microtype)             `EBGaramond-TU'.
Package microtype Info: Character `₡' is missing
(microtype)             in font `\TU/EBGaramond(0)/m/n/12'.
(microtype)             Ignoring protrusion settings for this character.
Package microtype Info: Unknown slot number of character
(microtype)             `/one.tosf'
(microtype)             in font encoding `TU' in protrusion list
(microtype)             `EBGaramond-TU'.
Package microtype Info: Unknown slot number of character
(microtype)             `/two.tosf'
(microtype)             in font encoding `TU' in protrusion list
(microtype)             `EBGaramond-TU'.
Package microtype Info: Unknown slot number of character
(microtype)             `/three.tosf'
(microtype)             in font encoding `TU' in protrusion list
(microtype)             `EBGaramond-TU'.
Package microtype Info: Unknown slot number of character
(microtype)             `/four.tosf'
(microtype)             in font encoding `TU' in protrusion list
(microtype)             `EBGaramond-TU'.
Package microtype Info: Unknown slot number of character
(microtype)             `/five.tosf'
(microtype)             in font encoding `TU' in protrusion list
(microtype)             `EBGaramond-TU'.
Package microtype Info: Unknown slot number of character
(microtype)             `/six.tosf'
(microtype)             in font encoding `TU' in protrusion list
(microtype)             `EBGaramond-TU'.
Package microtype Info: Unknown slot number of character
(microtype)             `/seven.tosf'
(microtype)             in font encoding `TU' in protrusion list
(microtype)             `EBGaramond-TU'.
Package microtype Info: Unknown slot number of character
(microtype)             `/eight.tosf'
(microtype)             in font encoding `TU' in protrusion list
(microtype)             `EBGaramond-TU'.
Package microtype Info: Unknown slot number of character
(microtype)             `/nine.tosf'
(microtype)             in font encoding `TU' in protrusion list
(microtype)             `EBGaramond-TU'.
Package microtype Info: Unknown slot number of character
(microtype)             `/one.lf'
(microtype)             in font encoding `TU' in protrusion list
(microtype)             `EBGaramond-TU'.
Package microtype Info: Unknown slot number of character
(microtype)             `/two.lf'
(microtype)             in font encoding `TU' in protrusion list
(microtype)             `EBGaramond-TU'.
Package microtype Info: Unknown slot number of character
(microtype)             `/four.lf'
(microtype)             in font encoding `TU' in protrusion list
(microtype)             `EBGaramond-TU'.
Package microtype Info: Unknown slot number of character
(microtype)             `/seven.lf'
(microtype)             in font encoding `TU' in protrusion list
(microtype)             `EBGaramond-TU'.
Package microtype Info: Unknown slot number of character
(microtype)             `/one.osf'
(microtype)             in font encoding `TU' in protrusion list
(microtype)             `EBGaramond-TU'.
Package microtype Info: Unknown slot number of character
(microtype)             `/two.osf'
(microtype)             in font encoding `TU' in protrusion list
(microtype)             `EBGaramond-TU'.
Package microtype Info: Unknown slot number of character
(microtype)             `/four.osf'
(microtype)             in font encoding `TU' in protrusion list
(microtype)             `EBGaramond-TU'.
Package microtype Info: Unknown slot number of character
(microtype)             `/seven.osf'
(microtype)             in font encoding `TU' in protrusion list
(microtype)             `EBGaramond-TU'.
Package microtype Info: Character `Ⅳ' is missing
(microtype)             in font `\TU/EBGaramond(0)/m/n/8'.
(microtype)             Ignoring protrusion settings for this character.
Package microtype Info: Character `Ⅵ' is missing
(microtype)             in font `\TU/EBGaramond(0)/m/n/8'.
(microtype)             Ignoring protrusion settings for this character.
Package microtype Info: Character `Ⅶ' is missing
(microtype)             in font `\TU/EBGaramond(0)/m/n/8'.
(microtype)             Ignoring protrusion settings for this character.
Package microtype Info: Character `Ⅷ' is missing
(microtype)             in font `\TU/EBGaramond(0)/m/n/8'.
(microtype)             Ignoring protrusion settings for this character.
Package microtype Info: Character `Ⅸ' is missing
(microtype)             in font `\TU/EBGaramond(0)/m/n/8'.
(microtype)             Ignoring protrusion settings for this character.
Package microtype Info: Character `Ⅺ' is missing
(microtype)             in font `\TU/EBGaramond(0)/m/n/8'.
(microtype)             Ignoring protrusion settings for this character.
Package microtype Info: Character `Ⅻ' is missing
(microtype)             in font `\TU/EBGaramond(0)/m/n/8'.
(microtype)             Ignoring protrusion settings for this character.
Package microtype Info: Character `ⅳ' is missing
(microtype)             in font `\TU/EBGaramond(0)/m/n/8'.
(microtype)             Ignoring protrusion settings for this character.
Package microtype Info: Character `ⅵ' is missing
(microtype)             in font `\TU/EBGaramond(0)/m/n/8'.
(microtype)             Ignoring protrusion settings for this character.
Package microtype Info: Character `ⅶ' is missing
(microtype)             in font `\TU/EBGaramond(0)/m/n/8'.
(microtype)             Ignoring protrusion settings for this character.
Package microtype Info: Character `ⅷ' is missing
(microtype)             in font `\TU/EBGaramond(0)/m/n/8'.
(microtype)             Ignoring protrusion settings for this character.
Package microtype Info: Character `ⅸ' is missing
(microtype)             in font `\TU/EBGaramond(0)/m/n/8'.
(microtype)             Ignoring protrusion settings for this character.
Package microtype Info: Character `ⅺ' is missing
(microtype)             in font `\TU/EBGaramond(0)/m/n/8'.
(microtype)             Ignoring protrusion settings for this character.
Package microtype Info: Character `ⅻ' is missing
(microtype)             in font `\TU/EBGaramond(0)/m/n/8'.
(microtype)             Ignoring protrusion settings for this character.
Package microtype Info: Character `˷' is missing
(microtype)             in font `\TU/EBGaramond(0)/m/n/8'.
(microtype)             Ignoring protrusion settings for this character.
Package microtype Info: Character `ƒ' is missing
(microtype)             in font `\TU/EBGaramond(0)/m/n/8'.
(microtype)             Ignoring protrusion settings for this character.
Package microtype Info: Character `₡' is missing
(microtype)             in font `\TU/EBGaramond(0)/m/n/8'.
(microtype)             Ignoring protrusion settings for this character.
Package microtype Info: Character `•' is missing
(microtype)             in font `\TU/EBGaramond(0)/m/n/8'.
(microtype)             Ignoring protrusion settings for this character.
Package microtype Info: Unknown slot number of character
(microtype)             `/twodotenleader'
(microtype)             in font encoding `TU' in protrusion list
(microtype)             `EBGaramond-TU'.
Package microtype Info: Character `℃' is missing
(microtype)             in font `\TU/EBGaramond(0)/m/n/8'.
(microtype)             Ignoring protrusion settings for this character.
Package microtype Info: Character `™' is missing
(microtype)             in font `\TU/EBGaramond(0)/m/n/8'.
(microtype)             Ignoring protrusion settings for this character.
Package microtype Info: Character `−' is missing
(microtype)             in font `\TU/EBGaramond(0)/m/n/8'.
(microtype)             Ignoring protrusion settings for this character.
Package microtype Info: Character `ϙ' is missing
(microtype)             in font `\TU/EBGaramond(0)/m/n/8'.
(microtype)             Ignoring protrusion settings for this character.
Package microtype Info: Character `Ѱ' is missing
(microtype)             in font `\TU/EBGaramond(0)/m/n/8'.
(microtype)             Ignoring protrusion settings for this character.
Package microtype Info: Character `Ѵ' is missing
(microtype)             in font `\TU/EBGaramond(0)/m/n/8'.
(microtype)             Ignoring protrusion settings for this character.
Package microtype Info: Character `Ʌ' is missing
(microtype)             in font `\TU/EBGaramond(0)/m/n/8'.
(microtype)             Ignoring protrusion settings for this character.
Package microtype Info: Character `⑴' is missing
(microtype)             in font `\TU/EBGaramond(0)/m/n/8'.
(microtype)             Ignoring protrusion settings for this character.
Package microtype Info: Character `⒜' is missing
(microtype)             in font `\TU/EBGaramond(0)/m/n/8'.
(microtype)             Ignoring protrusion settings for this character.
Package microtype Info: Unknown slot number of character
(microtype)             `/one.tosf'
(microtype)             in font encoding `TU' in protrusion list
(microtype)             `EBGaramond-TU'.
Package microtype Info: Unknown slot number of character
(microtype)             `/two.tosf'
(microtype)             in font encoding `TU' in protrusion list
(microtype)             `EBGaramond-TU'.
Package microtype Info: Unknown slot number of character
(microtype)             `/three.tosf'
(microtype)             in font encoding `TU' in protrusion list
(microtype)             `EBGaramond-TU'.
Package microtype Info: Unknown slot number of character
(microtype)             `/four.tosf'
(microtype)             in font encoding `TU' in protrusion list
(microtype)             `EBGaramond-TU'.
Package microtype Info: Unknown slot number of character
(microtype)             `/five.tosf'
(microtype)             in font encoding `TU' in protrusion list
(microtype)             `EBGaramond-TU'.
Package microtype Info: Unknown slot number of character
(microtype)             `/six.tosf'
(microtype)             in font encoding `TU' in protrusion list
(microtype)             `EBGaramond-TU'.
Package microtype Info: Unknown slot number of character
(microtype)             `/seven.tosf'
(microtype)             in font encoding `TU' in protrusion list
(microtype)             `EBGaramond-TU'.
Package microtype Info: Unknown slot number of character
(microtype)             `/eight.tosf'
(microtype)             in font encoding `TU' in protrusion list
(microtype)             `EBGaramond-TU'.
Package microtype Info: Unknown slot number of character
(microtype)             `/nine.tosf'
(microtype)             in font encoding `TU' in protrusion list
(microtype)             `EBGaramond-TU'.
Package microtype Info: Unknown slot number of character
(microtype)             `/one.lf'
(microtype)             in font encoding `TU' in protrusion list
(microtype)             `EBGaramond-TU'.
Package microtype Info: Unknown slot number of character
(microtype)             `/two.lf'
(microtype)             in font encoding `TU' in protrusion list
(microtype)             `EBGaramond-TU'.
Package microtype Info: Unknown slot number of character
(microtype)             `/four.lf'
(microtype)             in font encoding `TU' in protrusion list
(microtype)             `EBGaramond-TU'.
Package microtype Info: Unknown slot number of character
(microtype)             `/seven.lf'
(microtype)             in font encoding `TU' in protrusion list
(microtype)             `EBGaramond-TU'.
Package microtype Info: Unknown slot number of character
(microtype)             `/one.osf'
(microtype)             in font encoding `TU' in protrusion list
(microtype)             `EBGaramond-TU'.
Package microtype Info: Unknown slot number of character
(microtype)             `/two.osf'
(microtype)             in font encoding `TU' in protrusion list
(microtype)             `EBGaramond-TU'.
Package microtype Info: Unknown slot number of character
(microtype)             `/four.osf'
(microtype)             in font encoding `TU' in protrusion list
(microtype)             `EBGaramond-TU'.
Package microtype Info: Unknown slot number of character
(microtype)             `/seven.osf'
(microtype)             in font encoding `TU' in protrusion list
(microtype)             `EBGaramond-TU'.
Package microtype Info: Character `Ⅳ' is missing
(microtype)             in font `\TU/EBGaramond(0)/m/n/6'.
(microtype)             Ignoring protrusion settings for this character.
Package microtype Info: Character `Ⅵ' is missing
(microtype)             in font `\TU/EBGaramond(0)/m/n/6'.
(microtype)             Ignoring protrusion settings for this character.
Package microtype Info: Character `Ⅶ' is missing
(microtype)             in font `\TU/EBGaramond(0)/m/n/6'.
(microtype)             Ignoring protrusion settings for this character.
Package microtype Info: Character `Ⅷ' is missing
(microtype)             in font `\TU/EBGaramond(0)/m/n/6'.
(microtype)             Ignoring protrusion settings for this character.
Package microtype Info: Character `Ⅸ' is missing
(microtype)             in font `\TU/EBGaramond(0)/m/n/6'.
(microtype)             Ignoring protrusion settings for this character.
Package microtype Info: Character `Ⅺ' is missing
(microtype)             in font `\TU/EBGaramond(0)/m/n/6'.
(microtype)             Ignoring protrusion settings for this character.
Package microtype Info: Character `Ⅻ' is missing
(microtype)             in font `\TU/EBGaramond(0)/m/n/6'.
(microtype)             Ignoring protrusion settings for this character.
Package microtype Info: Character `ⅳ' is missing
(microtype)             in font `\TU/EBGaramond(0)/m/n/6'.
(microtype)             Ignoring protrusion settings for this character.
Package microtype Info: Character `ⅵ' is missing
(microtype)             in font `\TU/EBGaramond(0)/m/n/6'.
(microtype)             Ignoring protrusion settings for this character.
Package microtype Info: Character `ⅶ' is missing
(microtype)             in font `\TU/EBGaramond(0)/m/n/6'.
(microtype)             Ignoring protrusion settings for this character.
Package microtype Info: Character `ⅷ' is missing
(microtype)             in font `\TU/EBGaramond(0)/m/n/6'.
(microtype)             Ignoring protrusion settings for this character.
Package microtype Info: Character `ⅸ' is missing
(microtype)             in font `\TU/EBGaramond(0)/m/n/6'.
(microtype)             Ignoring protrusion settings for this character.
Package microtype Info: Character `ⅺ' is missing
(microtype)             in font `\TU/EBGaramond(0)/m/n/6'.
(microtype)             Ignoring protrusion settings for this character.
Package microtype Info: Character `ⅻ' is missing
(microtype)             in font `\TU/EBGaramond(0)/m/n/6'.
(microtype)             Ignoring protrusion settings for this character.
Package microtype Info: Character `˷' is missing
(microtype)             in font `\TU/EBGaramond(0)/m/n/6'.
(microtype)             Ignoring protrusion settings for this character.
Package microtype Info: Character `ƒ' is missing
(microtype)             in font `\TU/EBGaramond(0)/m/n/6'.
(microtype)             Ignoring protrusion settings for this character.
Package microtype Info: Character `₡' is missing
(microtype)             in font `\TU/EBGaramond(0)/m/n/6'.
(microtype)             Ignoring protrusion settings for this character.
Package microtype Info: Character `•' is missing
(microtype)             in font `\TU/EBGaramond(0)/m/n/6'.
(microtype)             Ignoring protrusion settings for this character.
Package microtype Info: Unknown slot number of character
(microtype)             `/twodotenleader'
(microtype)             in font encoding `TU' in protrusion list
(microtype)             `EBGaramond-TU'.
Package microtype Info: Character `℃' is missing
(microtype)             in font `\TU/EBGaramond(0)/m/n/6'.
(microtype)             Ignoring protrusion settings for this character.
Package microtype Info: Character `™' is missing
(microtype)             in font `\TU/EBGaramond(0)/m/n/6'.
(microtype)             Ignoring protrusion settings for this character.
Package microtype Info: Character `−' is missing
(microtype)             in font `\TU/EBGaramond(0)/m/n/6'.
(microtype)             Ignoring protrusion settings for this character.
Package microtype Info: Character `ϙ' is missing
(microtype)             in font `\TU/EBGaramond(0)/m/n/6'.
(microtype)             Ignoring protrusion settings for this character.
Package microtype Info: Character `Ѱ' is missing
(microtype)             in font `\TU/EBGaramond(0)/m/n/6'.
(microtype)             Ignoring protrusion settings for this character.
Package microtype Info: Character `Ѵ' is missing
(microtype)             in font `\TU/EBGaramond(0)/m/n/6'.
(microtype)             Ignoring protrusion settings for this character.
Package microtype Info: Character `Ʌ' is missing
(microtype)             in font `\TU/EBGaramond(0)/m/n/6'.
(microtype)             Ignoring protrusion settings for this character.
Package microtype Info: Character `⑴' is missing
(microtype)             in font `\TU/EBGaramond(0)/m/n/6'.
(microtype)             Ignoring protrusion settings for this character.
Package microtype Info: Character `⒜' is missing
(microtype)             in font `\TU/EBGaramond(0)/m/n/6'.
(microtype)             Ignoring protrusion settings for this character.
LaTeX Font Info:    External font `cmex10' loaded for size
(Font)              <12> on input line 4.
LaTeX Font Info:    External font `cmex10' loaded for size
(Font)              <8> on input line 4.
LaTeX Font Info:    External font `cmex10' loaded for size
(Font)              <6> on input line 4.
(/usr/local/texlive/2026/texmf-dist/tex/latex/microtype/mt-cmr.cfg
File: mt-cmr.cfg 2013/05/19 v2.2 microtype config. file: Computer Modern Roman 
(RS)
)
File: prh-logo.png Graphic file (type bmp)
<prh-logo.png>
) [3] [4

] (./content/FrontMatter/Copyright.tex
Package microtype Info: Unknown slot number of character
(microtype)             `/one.tosf'
(microtype)             in font encoding `TU' in protrusion list
(microtype)             `EBGaramond-TU'.
Package microtype Info: Unknown slot number of character
(microtype)             `/two.tosf'
(microtype)             in font encoding `TU' in protrusion list
(microtype)             `EBGaramond-TU'.
Package microtype Info: Unknown slot number of character
(microtype)             `/three.tosf'
(microtype)             in font encoding `TU' in protrusion list
(microtype)             `EBGaramond-TU'.
Package microtype Info: Unknown slot number of character
(microtype)             `/four.tosf'
(microtype)             in font encoding `TU' in protrusion list
(microtype)             `EBGaramond-TU'.
Package microtype Info: Unknown slot number of character
(microtype)             `/five.tosf'
(microtype)             in font encoding `TU' in protrusion list
(microtype)             `EBGaramond-TU'.
Package microtype Info: Unknown slot number of character
(microtype)             `/six.tosf'
(microtype)             in font encoding `TU' in protrusion list
(microtype)             `EBGaramond-TU'.
Package microtype Info: Unknown slot number of character
(microtype)             `/seven.tosf'
(microtype)             in font encoding `TU' in protrusion list
(microtype)             `EBGaramond-TU'.
Package microtype Info: Unknown slot number of character
(microtype)             `/eight.tosf'
(microtype)             in font encoding `TU' in protrusion list
(microtype)             `EBGaramond-TU'.
Package microtype Info: Unknown slot number of character
(microtype)             `/nine.tosf'
(microtype)             in font encoding `TU' in protrusion list
(microtype)             `EBGaramond-TU'.
Package microtype Info: Unknown slot number of character
(microtype)             `/one.lf'
(microtype)             in font encoding `TU' in protrusion list
(microtype)             `EBGaramond-TU'.
Package microtype Info: Unknown slot number of character
(microtype)             `/two.lf'
(microtype)             in font encoding `TU' in protrusion list
(microtype)             `EBGaramond-TU'.
Package microtype Info: Unknown slot number of character
(microtype)             `/four.lf'
(microtype)             in font encoding `TU' in protrusion list
(microtype)             `EBGaramond-TU'.
Package microtype Info: Unknown slot number of character
(microtype)             `/seven.lf'
(microtype)             in font encoding `TU' in protrusion list
(microtype)             `EBGaramond-TU'.
Package microtype Info: Unknown slot number of character
(microtype)             `/one.osf'
(microtype)             in font encoding `TU' in protrusion list
(microtype)             `EBGaramond-TU'.
Package microtype Info: Unknown slot number of character
(microtype)             `/two.osf'
(microtype)             in font encoding `TU' in protrusion list
(microtype)             `EBGaramond-TU'.
Package microtype Info: Unknown slot number of character
(microtype)             `/four.osf'
(microtype)             in font encoding `TU' in protrusion list
(microtype)             `EBGaramond-TU'.
Package microtype Info: Unknown slot number of character
(microtype)             `/seven.osf'
(microtype)             in font encoding `TU' in protrusion list
(microtype)             `EBGaramond-TU'.
Package microtype Info: Character `₡' is missing
(microtype)             in font `\TU/EBGaramond(0)/m/n/14.4'.
(microtype)             Ignoring protrusion settings for this character.
Package microtype Info: Unknown slot number of character
(microtype)             `/one.tosf'
(microtype)             in font encoding `TU' in protrusion list
(microtype)             `EBGaramond-TU'.
Package microtype Info: Unknown slot number of character
(microtype)             `/two.tosf'
(microtype)             in font encoding `TU' in protrusion list
(microtype)             `EBGaramond-TU'.
Package microtype Info: Unknown slot number of character
(microtype)             `/three.tosf'
(microtype)             in font encoding `TU' in protrusion list
(microtype)             `EBGaramond-TU'.
Package microtype Info: Unknown slot number of character
(microtype)             `/four.tosf'
(microtype)             in font encoding `TU' in protrusion list
(microtype)             `EBGaramond-TU'.
Package microtype Info: Unknown slot number of character
(microtype)             `/five.tosf'
(microtype)             in font encoding `TU' in protrusion list
(microtype)             `EBGaramond-TU'.
Package microtype Info: Unknown slot number of character
(microtype)             `/six.tosf'
(microtype)             in font encoding `TU' in protrusion list
(microtype)             `EBGaramond-TU'.
Package microtype Info: Unknown slot number of character
(microtype)             `/seven.tosf'
(microtype)             in font encoding `TU' in protrusion list
(microtype)             `EBGaramond-TU'.
Package microtype Info: Unknown slot number of character
(microtype)             `/eight.tosf'
(microtype)             in font encoding `TU' in protrusion list
(microtype)             `EBGaramond-TU'.
Package microtype Info: Unknown slot number of character
(microtype)             `/nine.tosf'
(microtype)             in font encoding `TU' in protrusion list
(microtype)             `EBGaramond-TU'.
Package microtype Info: Unknown slot number of character
(microtype)             `/one.lf'
(microtype)             in font encoding `TU' in protrusion list
(microtype)             `EBGaramond-TU'.
Package microtype Info: Unknown slot number of character
(microtype)             `/two.lf'
(microtype)             in font encoding `TU' in protrusion list
(microtype)             `EBGaramond-TU'.
Package microtype Info: Unknown slot number of character
(microtype)             `/four.lf'
(microtype)             in font encoding `TU' in protrusion list
(microtype)             `EBGaramond-TU'.
Package microtype Info: Unknown slot number of character
(microtype)             `/seven.lf'
(microtype)             in font encoding `TU' in protrusion list
(microtype)             `EBGaramond-TU'.
Package microtype Info: Unknown slot number of character
(microtype)             `/one.osf'
(microtype)             in font encoding `TU' in protrusion list
(microtype)             `EBGaramond-TU'.
Package microtype Info: Unknown slot number of character
(microtype)             `/two.osf'
(microtype)             in font encoding `TU' in protrusion list
(microtype)             `EBGaramond-TU'.
Package microtype Info: Unknown slot number of character
(microtype)             `/four.osf'
(microtype)             in font encoding `TU' in protrusion list
(microtype)             `EBGaramond-TU'.
Package microtype Info: Unknown slot number of character
(microtype)             `/seven.osf'
(microtype)             in font encoding `TU' in protrusion list
(microtype)             `EBGaramond-TU'.
Package microtype Info: Character `₡' is missing
(microtype)             in font `\TU/EBGaramond(0)/b/n/14.4'.
(microtype)             Ignoring protrusion settings for this character.
Package microtype Info: Unknown slot number of character
(microtype)             `/one.tosf'
(microtype)             in font encoding `TU' in protrusion list
(microtype)             `EBGaramond-TU'.
Package microtype Info: Unknown slot number of character
(microtype)             `/two.tosf'
(microtype)             in font encoding `TU' in protrusion list
(microtype)             `EBGaramond-TU'.
Package microtype Info: Unknown slot number of character
(microtype)             `/three.tosf'
(microtype)             in font encoding `TU' in protrusion list
(microtype)             `EBGaramond-TU'.
Package microtype Info: Unknown slot number of character
(microtype)             `/four.tosf'
(microtype)             in font encoding `TU' in protrusion list
(microtype)             `EBGaramond-TU'.
Package microtype Info: Unknown slot number of character
(microtype)             `/five.tosf'
(microtype)             in font encoding `TU' in protrusion list
(microtype)             `EBGaramond-TU'.
Package microtype Info: Unknown slot number of character
(microtype)             `/six.tosf'
(microtype)             in font encoding `TU' in protrusion list
(microtype)             `EBGaramond-TU'.
Package microtype Info: Unknown slot number of character
(microtype)             `/seven.tosf'
(microtype)             in font encoding `TU' in protrusion list
(microtype)             `EBGaramond-TU'.
Package microtype Info: Unknown slot number of character
(microtype)             `/eight.tosf'
(microtype)             in font encoding `TU' in protrusion list
(microtype)             `EBGaramond-TU'.
Package microtype Info: Unknown slot number of character
(microtype)             `/nine.tosf'
(microtype)             in font encoding `TU' in protrusion list
(microtype)             `EBGaramond-TU'.
Package microtype Info: Unknown slot number of character
(microtype)             `/one.lf'
(microtype)             in font encoding `TU' in protrusion list
(microtype)             `EBGaramond-TU'.
Package microtype Info: Unknown slot number of character
(microtype)             `/two.lf'
(microtype)             in font encoding `TU' in protrusion list
(microtype)             `EBGaramond-TU'.
Package microtype Info: Unknown slot number of character
(microtype)             `/four.lf'
(microtype)             in font encoding `TU' in protrusion list
(microtype)             `EBGaramond-TU'.
Package microtype Info: Unknown slot number of character
(microtype)             `/seven.lf'
(microtype)             in font encoding `TU' in protrusion list
(microtype)             `EBGaramond-TU'.
Package microtype Info: Unknown slot number of character
(microtype)             `/one.osf'
(microtype)             in font encoding `TU' in protrusion list
(microtype)             `EBGaramond-TU'.
Package microtype Info: Unknown slot number of character
(microtype)             `/two.osf'
(microtype)             in font encoding `TU' in protrusion list
(microtype)             `EBGaramond-TU'.
Package microtype Info: Unknown slot number of character
(microtype)             `/four.osf'
(microtype)             in font encoding `TU' in protrusion list
(microtype)             `EBGaramond-TU'.
Package microtype Info: Unknown slot number of character
(microtype)             `/seven.osf'
(microtype)             in font encoding `TU' in protrusion list
(microtype)             `EBGaramond-TU'.
Package microtype Info: Character `₡' is missing
(microtype)             in font `\TU/EBGaramond(0)/b/n/10'.
(microtype)             Ignoring protrusion settings for this character.
Package microtype Info: Unknown slot number of character
(microtype)             `/one.tosf'
(microtype)             in font encoding `TU' in protrusion list
(microtype)             `EBGaramond-TU'.
Package microtype Info: Unknown slot number of character
(microtype)             `/two.tosf'
(microtype)             in font encoding `TU' in protrusion list
(microtype)             `EBGaramond-TU'.
Package microtype Info: Unknown slot number of character
(microtype)             `/three.tosf'
(microtype)             in font encoding `TU' in protrusion list
(microtype)             `EBGaramond-TU'.
Package microtype Info: Unknown slot number of character
(microtype)             `/four.tosf'
(microtype)             in font encoding `TU' in protrusion list
(microtype)             `EBGaramond-TU'.
Package microtype Info: Unknown slot number of character
(microtype)             `/five.tosf'
(microtype)             in font encoding `TU' in protrusion list
(microtype)             `EBGaramond-TU'.
Package microtype Info: Unknown slot number of character
(microtype)             `/six.tosf'
(microtype)             in font encoding `TU' in protrusion list
(microtype)             `EBGaramond-TU'.
Package microtype Info: Unknown slot number of character
(microtype)             `/seven.tosf'
(microtype)             in font encoding `TU' in protrusion list
(microtype)             `EBGaramond-TU'.
Package microtype Info: Unknown slot number of character
(microtype)             `/eight.tosf'
(microtype)             in font encoding `TU' in protrusion list
(microtype)             `EBGaramond-TU'.
Package microtype Info: Unknown slot number of character
(microtype)             `/nine.tosf'
(microtype)             in font encoding `TU' in protrusion list
(microtype)             `EBGaramond-TU'.
Package microtype Info: Unknown slot number of character
(microtype)             `/one.lf'
(microtype)             in font encoding `TU' in protrusion list
(microtype)             `EBGaramond-TU'.
Package microtype Info: Unknown slot number of character
(microtype)             `/two.lf'
(microtype)             in font encoding `TU' in protrusion list
(microtype)             `EBGaramond-TU'.
Package microtype Info: Unknown slot number of character
(microtype)             `/four.lf'
(microtype)             in font encoding `TU' in protrusion list
(microtype)             `EBGaramond-TU'.
Package microtype Info: Unknown slot number of character
(microtype)             `/seven.lf'
(microtype)             in font encoding `TU' in protrusion list
(microtype)             `EBGaramond-TU'.
Package microtype Info: Unknown slot number of character
(microtype)             `/one.osf'
(microtype)             in font encoding `TU' in protrusion list
(microtype)             `EBGaramond-TU'.
Package microtype Info: Unknown slot number of character
(microtype)             `/two.osf'
(microtype)             in font encoding `TU' in protrusion list
(microtype)             `EBGaramond-TU'.
Package microtype Info: Unknown slot number of character
(microtype)             `/four.osf'
(microtype)             in font encoding `TU' in protrusion list
(microtype)             `EBGaramond-TU'.
Package microtype Info: Unknown slot number of character
(microtype)             `/seven.osf'
(microtype)             in font encoding `TU' in protrusion list
(microtype)             `EBGaramond-TU'.
Package microtype Info: Character `₡' is missing
(microtype)             in font `\TU/EBGaramond(0)/b/n/20.74'.
(microtype)             Ignoring protrusion settings for this character.
LaTeX Font Info:    External font `cmex10' loaded for size
(Font)              <10.95> on input line 40.
! Extra }, or forgotten \endgroup.
l.45 }
      
I've deleted a group-closing symbol because it seems to be
spurious, as in `$x}$'. But perhaps the } is legitimate and
you forgot something else, as in `\hbox{$x}'. In such cases
the way to recover is to insert both the forgotten and the
deleted material, e.g., by typing `I$}'.

) [5] [6

] (./content/FrontMatter/dedication.tex
Package microtype Info: Unknown slot number of character
(microtype)             `/one.tosf'
(microtype)             in font encoding `TU' in protrusion list
(microtype)             `EBGaramond-TU'.
Package microtype Info: Unknown slot number of character
(microtype)             `/two.tosf'
(microtype)             in font encoding `TU' in protrusion list
(microtype)             `EBGaramond-TU'.
Package microtype Info: Unknown slot number of character
(microtype)             `/three.tosf'
(microtype)             in font encoding `TU' in protrusion list
(microtype)             `EBGaramond-TU'.
Package microtype Info: Unknown slot number of character
(microtype)             `/four.tosf'
(microtype)             in font encoding `TU' in protrusion list
(microtype)             `EBGaramond-TU'.
Package microtype Info: Unknown slot number of character
(microtype)             `/five.tosf'
(microtype)             in font encoding `TU' in protrusion list
(microtype)             `EBGaramond-TU'.
Package microtype Info: Unknown slot number of character
(microtype)             `/six.tosf'
(microtype)             in font encoding `TU' in protrusion list
(microtype)             `EBGaramond-TU'.
Package microtype Info: Unknown slot number of character
(microtype)             `/seven.tosf'
(microtype)             in font encoding `TU' in protrusion list
(microtype)             `EBGaramond-TU'.
Package microtype Info: Unknown slot number of character
(microtype)             `/eight.tosf'
(microtype)             in font encoding `TU' in protrusion list
(microtype)             `EBGaramond-TU'.
Package microtype Info: Unknown slot number of character
(microtype)             `/nine.tosf'
(microtype)             in font encoding `TU' in protrusion list
(microtype)             `EBGaramond-TU'.
Package microtype Info: Unknown slot number of character
(microtype)             `/one.lf'
(microtype)             in font encoding `TU' in protrusion list
(microtype)             `EBGaramond-TU'.
Package microtype Info: Unknown slot number of character
(microtype)             `/two.lf'
(microtype)             in font encoding `TU' in protrusion list
(microtype)             `EBGaramond-TU'.
Package microtype Info: Unknown slot number of character
(microtype)             `/four.lf'
(microtype)             in font encoding `TU' in protrusion list
(microtype)             `EBGaramond-TU'.
Package microtype Info: Unknown slot number of character
(microtype)             `/seven.lf'
(microtype)             in font encoding `TU' in protrusion list
(microtype)             `EBGaramond-TU'.
Package microtype Info: Unknown slot number of character
(microtype)             `/one.osf'
(microtype)             in font encoding `TU' in protrusion list
(microtype)             `EBGaramond-TU'.
Package microtype Info: Unknown slot number of character
(microtype)             `/two.osf'
(microtype)             in font encoding `TU' in protrusion list
(microtype)             `EBGaramond-TU'.
Package microtype Info: Unknown slot number of character
(microtype)             `/four.osf'
(microtype)             in font encoding `TU' in protrusion list
(microtype)             `EBGaramond-TU'.
Package microtype Info: Unknown slot number of character
(microtype)             `/seven.osf'
(microtype)             in font encoding `TU' in protrusion list
(microtype)             `EBGaramond-TU'.
Package microtype Info: Character `₡' is missing
(microtype)             in font `\TU/EBGaramond(0)/m/n/24.88'.
(microtype)             Ignoring protrusion settings for this character.
Package microtype Info: Unknown slot number of character
(microtype)             `/one.tosf'
(microtype)             in font encoding `TU' in protrusion list
(microtype)             `EBGaramond-TU'.
Package microtype Info: Unknown slot number of character
(microtype)             `/two.tosf'
(microtype)             in font encoding `TU' in protrusion list
(microtype)             `EBGaramond-TU'.
Package microtype Info: Unknown slot number of character
(microtype)             `/three.tosf'
(microtype)             in font encoding `TU' in protrusion list
(microtype)             `EBGaramond-TU'.
Package microtype Info: Unknown slot number of character
(microtype)             `/four.tosf'
(microtype)             in font encoding `TU' in protrusion list
(microtype)             `EBGaramond-TU'.
Package microtype Info: Unknown slot number of character
(microtype)             `/five.tosf'
(microtype)             in font encoding `TU' in protrusion list
(microtype)             `EBGaramond-TU'.
Package microtype Info: Unknown slot number of character
(microtype)             `/six.tosf'
(microtype)             in font encoding `TU' in protrusion list
(microtype)             `EBGaramond-TU'.
Package microtype Info: Unknown slot number of character
(microtype)             `/seven.tosf'
(microtype)             in font encoding `TU' in protrusion list
(microtype)             `EBGaramond-TU'.
Package microtype Info: Unknown slot number of character
(microtype)             `/eight.tosf'
(microtype)             in font encoding `TU' in protrusion list
(microtype)             `EBGaramond-TU'.
Package microtype Info: Unknown slot number of character
(microtype)             `/nine.tosf'
(microtype)             in font encoding `TU' in protrusion list
(microtype)             `EBGaramond-TU'.
Package microtype Info: Unknown slot number of character
(microtype)             `/one.lf'
(microtype)             in font encoding `TU' in protrusion list
(microtype)             `EBGaramond-TU'.
Package microtype Info: Unknown slot number of character
(microtype)             `/two.lf'
(microtype)             in font encoding `TU' in protrusion list
(microtype)             `EBGaramond-TU'.
Package microtype Info: Unknown slot number of character
(microtype)             `/four.lf'
(microtype)             in font encoding `TU' in protrusion list
(microtype)             `EBGaramond-TU'.
Package microtype Info: Unknown slot number of character
(microtype)             `/seven.lf'
(microtype)             in font encoding `TU' in protrusion list
(microtype)             `EBGaramond-TU'.
Package microtype Info: Unknown slot number of character
(microtype)             `/one.osf'
(microtype)             in font encoding `TU' in protrusion list
(microtype)             `EBGaramond-TU'.
Package microtype Info: Unknown slot number of character
(microtype)             `/two.osf'
(microtype)             in font encoding `TU' in protrusion list
(microtype)             `EBGaramond-TU'.
Package microtype Info: Unknown slot number of character
(microtype)             `/four.osf'
(microtype)             in font encoding `TU' in protrusion list
(microtype)             `EBGaramond-TU'.
Package microtype Info: Unknown slot number of character
(microtype)             `/seven.osf'
(microtype)             in font encoding `TU' in protrusion list
(microtype)             `EBGaramond-TU'.
Package microtype Info: Character `₡' is missing
(microtype)             in font `\TU/EBGaramond(0)/b/n/24.88'.
(microtype)             Ignoring protrusion settings for this character.
) [7

] [8

] (./content/FrontMatter/epigraph.tex
Package microtype Info: Character `156' is missing
(microtype)             in font `\TU/EBGaramond(0)/m/it/10'.
(microtype)             Ignoring protrusion settings for this character.
Package microtype Info: Unknown slot number of character
(microtype)             `/zero.tosf'
(microtype)             in font encoding `TU' in protrusion list
(microtype)             `EBGaramond-it-TU'.
Package microtype Info: Unknown slot number of character
(microtype)             `/one.tosf'
(microtype)             in font encoding `TU' in protrusion list
(microtype)             `EBGaramond-it-TU'.
Package microtype Info: Unknown slot number of character
(microtype)             `/two.tosf'
(microtype)             in font encoding `TU' in protrusion list
(microtype)             `EBGaramond-it-TU'.
Package microtype Info: Unknown slot number of character
(microtype)             `/three.tosf'
(microtype)             in font encoding `TU' in protrusion list
(microtype)             `EBGaramond-it-TU'.
Package microtype Info: Unknown slot number of character
(microtype)             `/four.tosf'
(microtype)             in font encoding `TU' in protrusion list
(microtype)             `EBGaramond-it-TU'.
Package microtype Info: Unknown slot number of character
(microtype)             `/five.tosf'
(microtype)             in font encoding `TU' in protrusion list
(microtype)             `EBGaramond-it-TU'.
Package microtype Info: Unknown slot number of character
(microtype)             `/six.tosf'
(microtype)             in font encoding `TU' in protrusion list
(microtype)             `EBGaramond-it-TU'.
Package microtype Info: Unknown slot number of character
(microtype)             `/seven.tosf'
(microtype)             in font encoding `TU' in protrusion list
(microtype)             `EBGaramond-it-TU'.
Package microtype Info: Unknown slot number of character
(microtype)             `/eight.tosf'
(microtype)             in font encoding `TU' in protrusion list
(microtype)             `EBGaramond-it-TU'.
Package microtype Info: Unknown slot number of character
(microtype)             `/nine.tosf'
(microtype)             in font encoding `TU' in protrusion list
(microtype)             `EBGaramond-it-TU'.
Package microtype Info: Unknown slot number of character
(microtype)             `/one.lf'
(microtype)             in font encoding `TU' in protrusion list
(microtype)             `EBGaramond-it-TU'.
Package microtype Info: Unknown slot number of character
(microtype)             `/two.lf'
(microtype)             in font encoding `TU' in protrusion list
(microtype)             `EBGaramond-it-TU'.
Package microtype Info: Unknown slot number of character
(microtype)             `/three.lf'
(microtype)             in font encoding `TU' in protrusion list
(microtype)             `EBGaramond-it-TU'.
Package microtype Info: Unknown slot number of character
(microtype)             `/four.lf'
(microtype)             in font encoding `TU' in protrusion list
(microtype)             `EBGaramond-it-TU'.
Package microtype Info: Unknown slot number of character
(microtype)             `/five.lf'
(microtype)             in font encoding `TU' in protrusion list
(microtype)             `EBGaramond-it-TU'.
Package microtype Info: Unknown slot number of character
(microtype)             `/six.lf'
(microtype)             in font encoding `TU' in protrusion list
(microtype)             `EBGaramond-it-TU'.
Package microtype Info: Unknown slot number of character
(microtype)             `/seven.lf'
(microtype)             in font encoding `TU' in protrusion list
(microtype)             `EBGaramond-it-TU'.
Package microtype Info: Unknown slot number of character
(microtype)             `/eight.lf'
(microtype)             in font encoding `TU' in protrusion list
(microtype)             `EBGaramond-it-TU'.
Package microtype Info: Unknown slot number of character
(microtype)             `/nine.lf'
(microtype)             in font encoding `TU' in protrusion list
(microtype)             `EBGaramond-it-TU'.
Package microtype Info: Unknown slot number of character
(microtype)             `/one.osf'
(microtype)             in font encoding `TU' in protrusion list
(microtype)             `EBGaramond-it-TU'.
Package microtype Info: Unknown slot number of character
(microtype)             `/two.osf'
(microtype)             in font encoding `TU' in protrusion list
(microtype)             `EBGaramond-it-TU'.
Package microtype Info: Unknown slot number of character
(microtype)             `/three.osf'
(microtype)             in font encoding `TU' in protrusion list
(microtype)             `EBGaramond-it-TU'.
Package microtype Info: Unknown slot number of character
(microtype)             `/four.osf'
(microtype)             in font encoding `TU' in protrusion list
(microtype)             `EBGaramond-it-TU'.
Package microtype Info: Unknown slot number of character
(microtype)             `/seven.osf'
(microtype)             in font encoding `TU' in protrusion list
(microtype)             `EBGaramond-it-TU'.
Package microtype Info: Character `℃' is missing
(microtype)             in font `\TU/EBGaramond(0)/m/it/10'.
(microtype)             Ignoring protrusion settings for this character.
Package microtype Info: Character `ƒ' is missing
(microtype)             in font `\TU/EBGaramond(0)/m/it/10'.
(microtype)             Ignoring protrusion settings for this character.
Package microtype Info: Character `₡' is missing
(microtype)             in font `\TU/EBGaramond(0)/m/it/10'.
(microtype)             Ignoring protrusion settings for this character.
Package microtype Info: Unknown slot number of character
(microtype)             `/one.tosf'
(microtype)             in font encoding `TU' in protrusion list 
(microtype)             `EBGaramond-TU'.
Package microtype Info: Unknown slot number of character
(microtype)             `/two.tosf'
(microtype)             in font encoding `TU' in protrusion list 
(microtype)             `EBGaramond-TU'.
Package microtype Info: Unknown slot number of character
(microtype)             `/three.tosf'
(microtype)             in font encoding `TU' in protrusion list 
(microtype)             `EBGaramond-TU'.
Package microtype Info: Unknown slot number of character
(microtype)             `/four.tosf'
(microtype)             in font encoding `TU' in protrusion list 
(microtype)             `EBGaramond-TU'.
Package microtype Info: Unknown slot number of character
(microtype)             `/five.tosf'
(microtype)             in font encoding `TU' in protrusion list 
(microtype)             `EBGaramond-TU'.
Package microtype Info: Unknown slot number of character
(microtype)             `/six.tosf'
(microtype)             in font encoding `TU' in protrusion list 
(microtype)             `EBGaramond-TU'.
Package microtype Info: Unknown slot number of character
(microtype)             `/seven.tosf'
(microtype)             in font encoding `TU' in protrusion list 
(microtype)             `EBGaramond-TU'.
Package microtype Info: Unknown slot number of character
(microtype)             `/eight.tosf'
(microtype)             in font encoding `TU' in protrusion list 
(microtype)             `EBGaramond-TU'.
Package microtype Info: Unknown slot number of character
(microtype)             `/nine.tosf'
(microtype)             in font encoding `TU' in protrusion list 
(microtype)             `EBGaramond-TU'.
Package microtype Info: Unknown slot number of character
(microtype)             `/one.lf'
(microtype)             in font encoding `TU' in protrusion list 
(microtype)             `EBGaramond-TU'.
Package microtype Info: Unknown slot number of character
(microtype)             `/two.lf'
(microtype)             in font encoding `TU' in protrusion list 
(microtype)             `EBGaramond-TU'.
Package microtype Info: Unknown slot number of character
(microtype)             `/four.lf'
(microtype)             in font encoding `TU' in protrusion list 
(microtype)             `EBGaramond-TU'.
Package microtype Info: Unknown slot number of character
(microtype)             `/seven.lf'
(microtype)             in font encoding `TU' in protrusion list 
(microtype)             `EBGaramond-TU'.
Package microtype Info: Unknown slot number of character
(microtype)             `/one.osf'
(microtype)             in font encoding `TU' in protrusion list 
(microtype)             `EBGaramond-TU'.
Package microtype Info: Unknown slot number of character
(microtype)             `/two.osf'
(microtype)             in font encoding `TU' in protrusion list 
(microtype)             `EBGaramond-TU'.
Package microtype Info: Unknown slot number of character
(microtype)             `/four.osf'
(microtype)             in font encoding `TU' in protrusion list 
(microtype)             `EBGaramond-TU'.
Package microtype Info: Unknown slot number of character
(microtype)             `/seven.osf'
(microtype)             in font encoding `TU' in protrusion list 
(microtype)             `EBGaramond-TU'.
Package microtype Info: Character `Ⅳ' is missing
(microtype)             in font `\TU/EBGaramond(0)/m/sc/10.95'.
(microtype)             Ignoring protrusion settings for this character.
Package microtype Info: Character `Ⅵ' is missing
(microtype)             in font `\TU/EBGaramond(0)/m/sc/10.95'.
(microtype)             Ignoring protrusion settings for this character.
Package microtype Info: Character `Ⅶ' is missing
(microtype)             in font `\TU/EBGaramond(0)/m/sc/10.95'.
(microtype)             Ignoring protrusion settings for this character.
Package microtype Info: Character `Ⅷ' is missing
(microtype)             in font `\TU/EBGaramond(0)/m/sc/10.95'.
(microtype)             Ignoring protrusion settings for this character.
Package microtype Info: Character `Ⅸ' is missing
(microtype)             in font `\TU/EBGaramond(0)/m/sc/10.95'.
(microtype)             Ignoring protrusion settings for this character.
Package microtype Info: Character `Ⅺ' is missing
(microtype)             in font `\TU/EBGaramond(0)/m/sc/10.95'.
(microtype)             Ignoring protrusion settings for this character.
Package microtype Info: Character `Ⅻ' is missing
(microtype)             in font `\TU/EBGaramond(0)/m/sc/10.95'.
(microtype)             Ignoring protrusion settings for this character.
Package microtype Info: Character `ⅳ' is missing
(microtype)             in font `\TU/EBGaramond(0)/m/sc/10.95'.
(microtype)             Ignoring protrusion settings for this character.
Package microtype Info: Character `ⅵ' is missing
(microtype)             in font `\TU/EBGaramond(0)/m/sc/10.95'.
(microtype)             Ignoring protrusion settings for this character.
Package microtype Info: Character `ⅶ' is missing
(microtype)             in font `\TU/EBGaramond(0)/m/sc/10.95'.
(microtype)             Ignoring protrusion settings for this character.
Package microtype Info: Character `ⅷ' is missing
(microtype)             in font `\TU/EBGaramond(0)/m/sc/10.95'.
(microtype)             Ignoring protrusion settings for this character.
Package microtype Info: Character `ⅸ' is missing
(microtype)             in font `\TU/EBGaramond(0)/m/sc/10.95'.
(microtype)             Ignoring protrusion settings for this character.
Package microtype Info: Character `ⅺ' is missing
(microtype)             in font `\TU/EBGaramond(0)/m/sc/10.95'.
(microtype)             Ignoring protrusion settings for this character.
Package microtype Info: Character `ⅻ' is missing
(microtype)             in font `\TU/EBGaramond(0)/m/sc/10.95'.
(microtype)             Ignoring protrusion settings for this character.
Package microtype Info: Character `˷' is missing
(microtype)             in font `\TU/EBGaramond(0)/m/sc/10.95'.
(microtype)             Ignoring protrusion settings for this character.
Package microtype Info: Character `ƒ' is missing
(microtype)             in font `\TU/EBGaramond(0)/m/sc/10.95'.
(microtype)             Ignoring protrusion settings for this character.
Package microtype Info: Character `₡' is missing
(microtype)             in font `\TU/EBGaramond(0)/m/sc/10.95'.
(microtype)             Ignoring protrusion settings for this character.
Package microtype Info: Character `•' is missing
(microtype)             in font `\TU/EBGaramond(0)/m/sc/10.95'.
(microtype)             Ignoring protrusion settings for this character.
Package microtype Info: Unknown slot number of character
(microtype)             `/twodotenleader'
(microtype)             in font encoding `TU' in protrusion list 
(microtype)             `EBGaramond-TU'.
Package microtype Info: Character `℃' is missing
(microtype)             in font `\TU/EBGaramond(0)/m/sc/10.95'.
(microtype)             Ignoring protrusion settings for this character.
Package microtype Info: Character `™' is missing
(microtype)             in font `\TU/EBGaramond(0)/m/sc/10.95'.
(microtype)             Ignoring protrusion settings for this character.
Package microtype Info: Character `ª' is missing
(microtype)             in font `\TU/EBGaramond(0)/m/sc/10.95'.
(microtype)             Ignoring protrusion settings for this character.
Package microtype Info: Character `º' is missing
(microtype)             in font `\TU/EBGaramond(0)/m/sc/10.95'.
(microtype)             Ignoring protrusion settings for this character.
Package microtype Info: Character `¹' is missing
(microtype)             in font `\TU/EBGaramond(0)/m/sc/10.95'.
(microtype)             Ignoring protrusion settings for this character.
Package microtype Info: Character `¬' is missing
(microtype)             in font `\TU/EBGaramond(0)/m/sc/10.95'.
(microtype)             Ignoring protrusion settings for this character.
Package microtype Info: Character `−' is missing
(microtype)             in font `\TU/EBGaramond(0)/m/sc/10.95'.
(microtype)             Ignoring protrusion settings for this character.
Package microtype Info: Character `¥' is missing
(microtype)             in font `\TU/EBGaramond(0)/m/sc/10.95'.
(microtype)             Ignoring protrusion settings for this character.
Package microtype Info: Character `ϙ' is missing
(microtype)             in font `\TU/EBGaramond(0)/m/sc/10.95'.
(microtype)             Ignoring protrusion settings for this character.
Package microtype Info: Character `Ѱ' is missing
(microtype)             in font `\TU/EBGaramond(0)/m/sc/10.95'.
(microtype)             Ignoring protrusion settings for this character.
Package microtype Info: Character `Ѵ' is missing
(microtype)             in font `\TU/EBGaramond(0)/m/sc/10.95'.
(microtype)             Ignoring protrusion settings for this character.
Package microtype Info: Character `Ʌ' is missing
(microtype)             in font `\TU/EBGaramond(0)/m/sc/10.95'.
(microtype)             Ignoring protrusion settings for this character.
Package microtype Info: Character `⑴' is missing
(microtype)             in font `\TU/EBGaramond(0)/m/sc/10.95'.
(microtype)             Ignoring protrusion settings for this character.
Package microtype Info: Character `⒜' is missing
(microtype)             in font `\TU/EBGaramond(0)/m/sc/10.95'.
(microtype)             Ignoring protrusion settings for this character.
) [9

] [10

] (./content/FrontMatter/foreword.tex [11

]) [12] (./content/FrontMatter/toc.tex
No file rtr.toc.
) [13

] [14

] (./content/FrontMatter/preface.tex [15

] [16]) [17] [18

] (./content/MainMatter/chapter_1.tex
Chapter 1.
Package microtype Info: Unknown slot number of character
(microtype)             `/one.tosf'
(microtype)             in font encoding `TU' in protrusion list
(microtype)             `EBGaramond-TU'.
Package microtype Info: Unknown slot number of character
(microtype)             `/two.tosf'
(microtype)             in font encoding `TU' in protrusion list
(microtype)             `EBGaramond-TU'.
Package microtype Info: Unknown slot number of character
(microtype)             `/three.tosf'
(microtype)             in font encoding `TU' in protrusion list
(microtype)             `EBGaramond-TU'.
Package microtype Info: Unknown slot number of character
(microtype)             `/four.tosf'
(microtype)             in font encoding `TU' in protrusion list
(microtype)             `EBGaramond-TU'.
Package microtype Info: Unknown slot number of character
(microtype)             `/five.tosf'
(microtype)             in font encoding `TU' in protrusion list
(microtype)             `EBGaramond-TU'.
Package microtype Info: Unknown slot number of character
(microtype)             `/six.tosf'
(microtype)             in font encoding `TU' in protrusion list
(microtype)             `EBGaramond-TU'.
Package microtype Info: Unknown slot number of character
(microtype)             `/seven.tosf'
(microtype)             in font encoding `TU' in protrusion list
(microtype)             `EBGaramond-TU'.
Package microtype Info: Unknown slot number of character
(microtype)             `/eight.tosf'
(microtype)             in font encoding `TU' in protrusion list
(microtype)             `EBGaramond-TU'.
Package microtype Info: Unknown slot number of character
(microtype)             `/nine.tosf'
(microtype)             in font encoding `TU' in protrusion list
(microtype)             `EBGaramond-TU'.
Package microtype Info: Unknown slot number of character
(microtype)             `/one.lf'
(microtype)             in font encoding `TU' in protrusion list
(microtype)             `EBGaramond-TU'.
Package microtype Info: Unknown slot number of character
(microtype)             `/two.lf'
(microtype)             in font encoding `TU' in protrusion list
(microtype)             `EBGaramond-TU'.
Package microtype Info: Unknown slot number of character
(microtype)             `/four.lf'
(microtype)             in font encoding `TU' in protrusion list
(microtype)             `EBGaramond-TU'.
Package microtype Info: Unknown slot number of character
(microtype)             `/seven.lf'
(microtype)             in font encoding `TU' in protrusion list
(microtype)             `EBGaramond-TU'.
Package microtype Info: Unknown slot number of character
(microtype)             `/one.osf'
(microtype)             in font encoding `TU' in protrusion list
(microtype)             `EBGaramond-TU'.
Package microtype Info: Unknown slot number of character
(microtype)             `/two.osf'
(microtype)             in font encoding `TU' in protrusion list
(microtype)             `EBGaramond-TU'.
Package microtype Info: Unknown slot number of character
(microtype)             `/four.osf'
(microtype)             in font encoding `TU' in protrusion list
(microtype)             `EBGaramond-TU'.
Package microtype Info: Unknown slot number of character
(microtype)             `/seven.osf'
(microtype)             in font encoding `TU' in protrusion list
(microtype)             `EBGaramond-TU'.
Package microtype Info: Character `₡' is missing
(microtype)             in font `\TU/EBGaramond(0)/m/n/20.74'.
(microtype)             Ignoring protrusion settings for this character.
Package microtype Info: Character `156' is missing
(microtype)             in font `\TU/EBGaramond(0)/m/scit/10.95'.
(microtype)             Ignoring protrusion settings for this character.
Package microtype Info: Unknown slot number of character
(microtype)             `/zero.tosf'
(microtype)             in font encoding `TU' in protrusion list 
(microtype)             `EBGaramond-it-TU'.
Package microtype Info: Unknown slot number of character
(microtype)             `/one.tosf'
(microtype)             in font encoding `TU' in protrusion list 
(microtype)             `EBGaramond-it-TU'.
Package microtype Info: Unknown slot number of character
(microtype)             `/two.tosf'
(microtype)             in font encoding `TU' in protrusion list 
(microtype)             `EBGaramond-it-TU'.
Package microtype Info: Unknown slot number of character
(microtype)             `/three.tosf'
(microtype)             in font encoding `TU' in protrusion list 
(microtype)             `EBGaramond-it-TU'.
Package microtype Info: Unknown slot number of character
(microtype)             `/four.tosf'
(microtype)             in font encoding `TU' in protrusion list 
(microtype)             `EBGaramond-it-TU'.
Package microtype Info: Unknown slot number of character
(microtype)             `/five.tosf'
(microtype)             in font encoding `TU' in protrusion list 
(microtype)             `EBGaramond-it-TU'.
Package microtype Info: Unknown slot number of character
(microtype)             `/six.tosf'
(microtype)             in font encoding `TU' in protrusion list 
(microtype)             `EBGaramond-it-TU'.
Package microtype Info: Unknown slot number of character
(microtype)             `/seven.tosf'
(microtype)             in font encoding `TU' in protrusion list 
(microtype)             `EBGaramond-it-TU'.
Package microtype Info: Unknown slot number of character
(microtype)             `/eight.tosf'
(microtype)             in font encoding `TU' in protrusion list 
(microtype)             `EBGaramond-it-TU'.
Package microtype Info: Unknown slot number of character
(microtype)             `/nine.tosf'
(microtype)             in font encoding `TU' in protrusion list 
(microtype)             `EBGaramond-it-TU'.
Package microtype Info: Unknown slot number of character
(microtype)             `/one.lf'
(microtype)             in font encoding `TU' in protrusion list 
(microtype)             `EBGaramond-it-TU'.
Package microtype Info: Unknown slot number of character
(microtype)             `/two.lf'
(microtype)             in font encoding `TU' in protrusion list 
(microtype)             `EBGaramond-it-TU'.
Package microtype Info: Unknown slot number of character
(microtype)             `/three.lf'
(microtype)             in font encoding `TU' in protrusion list 
(microtype)             `EBGaramond-it-TU'.
Package microtype Info: Unknown slot number of character
(microtype)             `/four.lf'
(microtype)             in font encoding `TU' in protrusion list 
(microtype)             `EBGaramond-it-TU'.
Package microtype Info: Unknown slot number of character
(microtype)             `/five.lf'
(microtype)             in font encoding `TU' in protrusion list 
(microtype)             `EBGaramond-it-TU'.
Package microtype Info: Unknown slot number of character
(microtype)             `/six.lf'
(microtype)             in font encoding `TU' in protrusion list 
(microtype)             `EBGaramond-it-TU'.
Package microtype Info: Unknown slot number of character
(microtype)             `/seven.lf'
(microtype)             in font encoding `TU' in protrusion list 
(microtype)             `EBGaramond-it-TU'.
Package microtype Info: Unknown slot number of character
(microtype)             `/eight.lf'
(microtype)             in font encoding `TU' in protrusion list 
(microtype)             `EBGaramond-it-TU'.
Package microtype Info: Unknown slot number of character
(microtype)             `/nine.lf'
(microtype)             in font encoding `TU' in protrusion list 
(microtype)             `EBGaramond-it-TU'.
Package microtype Info: Unknown slot number of character
(microtype)             `/one.osf'
(microtype)             in font encoding `TU' in protrusion list 
(microtype)             `EBGaramond-it-TU'.
Package microtype Info: Unknown slot number of character
(microtype)             `/two.osf'
(microtype)             in font encoding `TU' in protrusion list 
(microtype)             `EBGaramond-it-TU'.
Package microtype Info: Unknown slot number of character
(microtype)             `/three.osf'
(microtype)             in font encoding `TU' in protrusion list 
(microtype)             `EBGaramond-it-TU'.
Package microtype Info: Unknown slot number of character
(microtype)             `/four.osf'
(microtype)             in font encoding `TU' in protrusion list 
(microtype)             `EBGaramond-it-TU'.
Package microtype Info: Unknown slot number of character
(microtype)             `/seven.osf'
(microtype)             in font encoding `TU' in protrusion list 
(microtype)             `EBGaramond-it-TU'.
Package microtype Info: Character `−' is missing
(microtype)             in font `\TU/EBGaramond(0)/m/scit/10.95'.
(microtype)             Ignoring protrusion settings for this character.
Package microtype Info: Character `˷' is missing
(microtype)             in font `\TU/EBGaramond(0)/m/scit/10.95'.
(microtype)             Ignoring protrusion settings for this character.
Package microtype Info: Character `•' is missing
(microtype)             in font `\TU/EBGaramond(0)/m/scit/10.95'.
(microtype)             Ignoring protrusion settings for this character.
Package microtype Info: Character `℃' is missing
(microtype)             in font `\TU/EBGaramond(0)/m/scit/10.95'.
(microtype)             Ignoring protrusion settings for this character.
Package microtype Info: Character `ƒ' is missing
(microtype)             in font `\TU/EBGaramond(0)/m/scit/10.95'.
(microtype)             Ignoring protrusion settings for this character.
Package microtype Info: Character `₡' is missing
(microtype)             in font `\TU/EBGaramond(0)/m/scit/10.95'.
(microtype)             Ignoring protrusion settings for this character.
Package microtype Info: Character `™' is missing
(microtype)             in font `\TU/EBGaramond(0)/m/scit/10.95'.
(microtype)             Ignoring protrusion settings for this character.
Package microtype Info: Character `¬' is missing
(microtype)             in font `\TU/EBGaramond(0)/m/scit/10.95'.
(microtype)             Ignoring protrusion settings for this character.
Package microtype Info: Character `¹' is missing
(microtype)             in font `\TU/EBGaramond(0)/m/scit/10.95'.
(microtype)             Ignoring protrusion settings for this character.
Package microtype Info: Unknown slot number of character
(microtype)             `/twodotenleader'
(microtype)             in font encoding `TU' in protrusion list 
(microtype)             `EBGaramond-it-TU'.
Package microtype Info: Character `ª' is missing
(microtype)             in font `\TU/EBGaramond(0)/m/scit/10.95'.
(microtype)             Ignoring protrusion settings for this character.
Package microtype Info: Character `º' is missing
(microtype)             in font `\TU/EBGaramond(0)/m/scit/10.95'.
(microtype)             Ignoring protrusion settings for this character.
Package microtype Info: Character `¥' is missing
(microtype)             in font `\TU/EBGaramond(0)/m/scit/10.95'.
(microtype)             Ignoring protrusion settings for this character.
Package microtype Info: Character `Ү' is missing
(microtype)             in font `\TU/EBGaramond(0)/m/scit/10.95'.
(microtype)             Ignoring protrusion settings for this character.
[1


]
Package microtype Info: Unknown slot number of character
(microtype)             `/one.tosf'
(microtype)             in font encoding `TU' in protrusion list
(microtype)             `EBGaramond-TU'.
Package microtype Info: Unknown slot number of character
(microtype)             `/two.tosf'
(microtype)             in font encoding `TU' in protrusion list
(microtype)             `EBGaramond-TU'.
Package microtype Info: Unknown slot number of character
(microtype)             `/three.tosf'
(microtype)             in font encoding `TU' in protrusion list
(microtype)             `EBGaramond-TU'.
Package microtype Info: Unknown slot number of character
(microtype)             `/four.tosf'
(microtype)             in font encoding `TU' in protrusion list
(microtype)             `EBGaramond-TU'.
Package microtype Info: Unknown slot number of character
(microtype)             `/five.tosf'
(microtype)             in font encoding `TU' in protrusion list
(microtype)             `EBGaramond-TU'.
Package microtype Info: Unknown slot number of character
(microtype)             `/six.tosf'
(microtype)             in font encoding `TU' in protrusion list
(microtype)             `EBGaramond-TU'.
Package microtype Info: Unknown slot number of character
(microtype)             `/seven.tosf'
(microtype)             in font encoding `TU' in protrusion list
(microtype)             `EBGaramond-TU'.
Package microtype Info: Unknown slot number of character
(microtype)             `/eight.tosf'
(microtype)             in font encoding `TU' in protrusion list
(microtype)             `EBGaramond-TU'.
Package microtype Info: Unknown slot number of character
(microtype)             `/nine.tosf'
(microtype)             in font encoding `TU' in protrusion list
(microtype)             `EBGaramond-TU'.
Package microtype Info: Unknown slot number of character
(microtype)             `/one.lf'
(microtype)             in font encoding `TU' in protrusion list
(microtype)             `EBGaramond-TU'.
Package microtype Info: Unknown slot number of character
(microtype)             `/two.lf'
(microtype)             in font encoding `TU' in protrusion list
(microtype)             `EBGaramond-TU'.
Package microtype Info: Unknown slot number of character
(microtype)             `/four.lf'
(microtype)             in font encoding `TU' in protrusion list
(microtype)             `EBGaramond-TU'.
Package microtype Info: Unknown slot number of character
(microtype)             `/seven.lf'
(microtype)             in font encoding `TU' in protrusion list
(microtype)             `EBGaramond-TU'.
Package microtype Info: Unknown slot number of character
(microtype)             `/one.osf'
(microtype)             in font encoding `TU' in protrusion list
(microtype)             `EBGaramond-TU'.
Package microtype Info: Unknown slot number of character
(microtype)             `/two.osf'
(microtype)             in font encoding `TU' in protrusion list
(microtype)             `EBGaramond-TU'.
Package microtype Info: Unknown slot number of character
(microtype)             `/four.osf'
(microtype)             in font encoding `TU' in protrusion list
(microtype)             `EBGaramond-TU'.
Package microtype Info: Unknown slot number of character
(microtype)             `/seven.osf'
(microtype)             in font encoding `TU' in protrusion list
(microtype)             `EBGaramond-TU'.
Package microtype Info: Character `₡' is missing
(microtype)             in font `\TU/EBGaramond(0)/b/n/12'.
(microtype)             Ignoring protrusion settings for this character.
Package microtype Info: Unknown slot number of character
(microtype)             `/one.tosf'
(microtype)             in font encoding `TU' in protrusion list
(microtype)             `EBGaramond-TU'.
Package microtype Info: Unknown slot number of character
(microtype)             `/two.tosf'
(microtype)             in font encoding `TU' in protrusion list
(microtype)             `EBGaramond-TU'.
Package microtype Info: Unknown slot number of character
(microtype)             `/three.tosf'
(microtype)             in font encoding `TU' in protrusion list
(microtype)             `EBGaramond-TU'.
Package microtype Info: Unknown slot number of character
(microtype)             `/four.tosf'
(microtype)             in font encoding `TU' in protrusion list
(microtype)             `EBGaramond-TU'.
Package microtype Info: Unknown slot number of character
(microtype)             `/five.tosf'
(microtype)             in font encoding `TU' in protrusion list
(microtype)             `EBGaramond-TU'.
Package microtype Info: Unknown slot number of character
(microtype)             `/six.tosf'
(microtype)             in font encoding `TU' in protrusion list
(microtype)             `EBGaramond-TU'.
Package microtype Info: Unknown slot number of character
(microtype)             `/seven.tosf'
(microtype)             in font encoding `TU' in protrusion list
(microtype)             `EBGaramond-TU'.
Package microtype Info: Unknown slot number of character
(microtype)             `/eight.tosf'
(microtype)             in font encoding `TU' in protrusion list
(microtype)             `EBGaramond-TU'.
Package microtype Info: Unknown slot number of character
(microtype)             `/nine.tosf'
(microtype)             in font encoding `TU' in protrusion list
(microtype)             `EBGaramond-TU'.
Package microtype Info: Unknown slot number of character
(microtype)             `/one.lf'
(microtype)             in font encoding `TU' in protrusion list
(microtype)             `EBGaramond-TU'.
Package microtype Info: Unknown slot number of character
(microtype)             `/two.lf'
(microtype)             in font encoding `TU' in protrusion list
(microtype)             `EBGaramond-TU'.
Package microtype Info: Unknown slot number of character
(microtype)             `/four.lf'
(microtype)             in font encoding `TU' in protrusion list
(microtype)             `EBGaramond-TU'.
Package microtype Info: Unknown slot number of character
(microtype)             `/seven.lf'
(microtype)             in font encoding `TU' in protrusion list
(microtype)             `EBGaramond-TU'.
Package microtype Info: Unknown slot number of character
(microtype)             `/one.osf'
(microtype)             in font encoding `TU' in protrusion list
(microtype)             `EBGaramond-TU'.
Package microtype Info: Unknown slot number of character
(microtype)             `/two.osf'
(microtype)             in font encoding `TU' in protrusion list
(microtype)             `EBGaramond-TU'.
Package microtype Info: Unknown slot number of character
(microtype)             `/four.osf'
(microtype)             in font encoding `TU' in protrusion list
(microtype)             `EBGaramond-TU'.
Package microtype Info: Unknown slot number of character
(microtype)             `/seven.osf'
(microtype)             in font encoding `TU' in protrusion list
(microtype)             `EBGaramond-TU'.
Package microtype Info: Character `₡' is missing
(microtype)             in font `\TU/EBGaramond(0)/b/n/10.95'.
(microtype)             Ignoring protrusion settings for this character.
[2]
Package microtype Info: Unknown slot number of character
(microtype)             `/one.tosf'
(microtype)             in font encoding `TU' in protrusion list
(microtype)             `EBGaramond-TU'.
Package microtype Info: Unknown slot number of character
(microtype)             `/two.tosf'
(microtype)             in font encoding `TU' in protrusion list
(microtype)             `EBGaramond-TU'.
Package microtype Info: Unknown slot number of character
(microtype)             `/three.tosf'
(microtype)             in font encoding `TU' in protrusion list
(microtype)             `EBGaramond-TU'.
Package microtype Info: Unknown slot number of character
(microtype)             `/four.tosf'
(microtype)             in font encoding `TU' in protrusion list
(microtype)             `EBGaramond-TU'.
Package microtype Info: Unknown slot number of character
(microtype)             `/five.tosf'
(microtype)             in font encoding `TU' in protrusion list
(microtype)             `EBGaramond-TU'.
Package microtype Info: Unknown slot number of character
(microtype)             `/six.tosf'
(microtype)             in font encoding `TU' in protrusion list
(microtype)             `EBGaramond-TU'.
Package microtype Info: Unknown slot number of character
(microtype)             `/seven.tosf'
(microtype)             in font encoding `TU' in protrusion list
(microtype)             `EBGaramond-TU'.
Package microtype Info: Unknown slot number of character
(microtype)             `/eight.tosf'
(microtype)             in font encoding `TU' in protrusion list
(microtype)             `EBGaramond-TU'.
Package microtype Info: Unknown slot number of character
(microtype)             `/nine.tosf'
(microtype)             in font encoding `TU' in protrusion list
(microtype)             `EBGaramond-TU'.
Package microtype Info: Unknown slot number of character
(microtype)             `/one.lf'
(microtype)             in font encoding `TU' in protrusion list
(microtype)             `EBGaramond-TU'.
Package microtype Info: Unknown slot number of character
(microtype)             `/two.lf'
(microtype)             in font encoding `TU' in protrusion list
(microtype)             `EBGaramond-TU'.
Package microtype Info: Unknown slot number of character
(microtype)             `/four.lf'
(microtype)             in font encoding `TU' in protrusion list
(microtype)             `EBGaramond-TU'.
Package microtype Info: Unknown slot number of character
(microtype)             `/seven.lf'
(microtype)             in font encoding `TU' in protrusion list
(microtype)             `EBGaramond-TU'.
Package microtype Info: Unknown slot number of character
(microtype)             `/one.osf'
(microtype)             in font encoding `TU' in protrusion list
(microtype)             `EBGaramond-TU'.
Package microtype Info: Unknown slot number of character
(microtype)             `/two.osf'
(microtype)             in font encoding `TU' in protrusion list
(microtype)             `EBGaramond-TU'.
Package microtype Info: Unknown slot number of character
(microtype)             `/four.osf'
(microtype)             in font encoding `TU' in protrusion list
(microtype)             `EBGaramond-TU'.
Package microtype Info: Unknown slot number of character
(microtype)             `/seven.osf'
(microtype)             in font encoding `TU' in protrusion list
(microtype)             `EBGaramond-TU'.
Package microtype Info: Character `Ⅳ' is missing
(microtype)             in font `\TU/EBGaramond(0)/m/n/7'.
(microtype)             Ignoring protrusion settings for this character.
Package microtype Info: Character `Ⅵ' is missing
(microtype)             in font `\TU/EBGaramond(0)/m/n/7'.
(microtype)             Ignoring protrusion settings for this character.
Package microtype Info: Character `Ⅶ' is missing
(microtype)             in font `\TU/EBGaramond(0)/m/n/7'.
(microtype)             Ignoring protrusion settings for this character.
Package microtype Info: Character `Ⅷ' is missing
(microtype)             in font `\TU/EBGaramond(0)/m/n/7'.
(microtype)             Ignoring protrusion settings for this character.
Package microtype Info: Character `Ⅸ' is missing
(microtype)             in font `\TU/EBGaramond(0)/m/n/7'.
(microtype)             Ignoring protrusion settings for this character.
Package microtype Info: Character `Ⅺ' is missing
(microtype)             in font `\TU/EBGaramond(0)/m/n/7'.
(microtype)             Ignoring protrusion settings for this character.
Package microtype Info: Character `Ⅻ' is missing
(microtype)             in font `\TU/EBGaramond(0)/m/n/7'.
(microtype)             Ignoring protrusion settings for this character.
Package microtype Info: Character `ⅳ' is missing
(microtype)             in font `\TU/EBGaramond(0)/m/n/7'.
(microtype)             Ignoring protrusion settings for this character.
Package microtype Info: Character `ⅵ' is missing
(microtype)             in font `\TU/EBGaramond(0)/m/n/7'.
(microtype)             Ignoring protrusion settings for this character.
Package microtype Info: Character `ⅶ' is missing
(microtype)             in font `\TU/EBGaramond(0)/m/n/7'.
(microtype)             Ignoring protrusion settings for this character.
Package microtype Info: Character `ⅷ' is missing
(microtype)             in font `\TU/EBGaramond(0)/m/n/7'.
(microtype)             Ignoring protrusion settings for this character.
Package microtype Info: Character `ⅸ' is missing
(microtype)             in font `\TU/EBGaramond(0)/m/n/7'.
(microtype)             Ignoring protrusion settings for this character.
Package microtype Info: Character `ⅺ' is missing
(microtype)             in font `\TU/EBGaramond(0)/m/n/7'.
(microtype)             Ignoring protrusion settings for this character.
Package microtype Info: Character `ⅻ' is missing
(microtype)             in font `\TU/EBGaramond(0)/m/n/7'.
(microtype)             Ignoring protrusion settings for this character.
Package microtype Info: Character `˷' is missing
(microtype)             in font `\TU/EBGaramond(0)/m/n/7'.
(microtype)             Ignoring protrusion settings for this character.
Package microtype Info: Character `ƒ' is missing
(microtype)             in font `\TU/EBGaramond(0)/m/n/7'.
(microtype)             Ignoring protrusion settings for this character.
Package microtype Info: Character `₡' is missing
(microtype)             in font `\TU/EBGaramond(0)/m/n/7'.
(microtype)             Ignoring protrusion settings for this character.
Package microtype Info: Character `•' is missing
(microtype)             in font `\TU/EBGaramond(0)/m/n/7'.
(microtype)             Ignoring protrusion settings for this character.
Package microtype Info: Unknown slot number of character
(microtype)             `/twodotenleader'
(microtype)             in font encoding `TU' in protrusion list
(microtype)             `EBGaramond-TU'.
Package microtype Info: Character `℃' is missing
(microtype)             in font `\TU/EBGaramond(0)/m/n/7'.
(microtype)             Ignoring protrusion settings for this character.
Package microtype Info: Character `™' is missing
(microtype)             in font `\TU/EBGaramond(0)/m/n/7'.
(microtype)             Ignoring protrusion settings for this character.
Package microtype Info: Character `−' is missing
(microtype)             in font `\TU/EBGaramond(0)/m/n/7'.
(microtype)             Ignoring protrusion settings for this character.
Package microtype Info: Character `ϙ' is missing
(microtype)             in font `\TU/EBGaramond(0)/m/n/7'.
(microtype)             Ignoring protrusion settings for this character.
Package microtype Info: Character `Ѱ' is missing
(microtype)             in font `\TU/EBGaramond(0)/m/n/7'.
(microtype)             Ignoring protrusion settings for this character.
Package microtype Info: Character `Ѵ' is missing
(microtype)             in font `\TU/EBGaramond(0)/m/n/7'.
(microtype)             Ignoring protrusion settings for this character.
Package microtype Info: Character `Ʌ' is missing
(microtype)             in font `\TU/EBGaramond(0)/m/n/7'.
(microtype)             Ignoring protrusion settings for this character.
Package microtype Info: Character `⑴' is missing
(microtype)             in font `\TU/EBGaramond(0)/m/n/7'.
(microtype)             Ignoring protrusion settings for this character.
Package microtype Info: Character `⒜' is missing
(microtype)             in font `\TU/EBGaramond(0)/m/n/7'.
(microtype)             Ignoring protrusion settings for this character.
Package microtype Info: Unknown slot number of character
(microtype)             `/one.tosf'
(microtype)             in font encoding `TU' in protrusion list
(microtype)             `EBGaramond-TU'.
Package microtype Info: Unknown slot number of character
(microtype)             `/two.tosf'
(microtype)             in font encoding `TU' in protrusion list
(microtype)             `EBGaramond-TU'.
Package microtype Info: Unknown slot number of character
(microtype)             `/three.tosf'
(microtype)             in font encoding `TU' in protrusion list
(microtype)             `EBGaramond-TU'.
Package microtype Info: Unknown slot number of character
(microtype)             `/four.tosf'
(microtype)             in font encoding `TU' in protrusion list
(microtype)             `EBGaramond-TU'.
Package microtype Info: Unknown slot number of character
(microtype)             `/five.tosf'
(microtype)             in font encoding `TU' in protrusion list
(microtype)             `EBGaramond-TU'.
Package microtype Info: Unknown slot number of character
(microtype)             `/six.tosf'
(microtype)             in font encoding `TU' in protrusion list
(microtype)             `EBGaramond-TU'.
Package microtype Info: Unknown slot number of character
(microtype)             `/seven.tosf'
(microtype)             in font encoding `TU' in protrusion list
(microtype)             `EBGaramond-TU'.
Package microtype Info: Unknown slot number of character
(microtype)             `/eight.tosf'
(microtype)             in font encoding `TU' in protrusion list
(microtype)             `EBGaramond-TU'.
Package microtype Info: Unknown slot number of character
(microtype)             `/nine.tosf'
(microtype)             in font encoding `TU' in protrusion list
(microtype)             `EBGaramond-TU'.
Package microtype Info: Unknown slot number of character
(microtype)             `/one.lf'
(microtype)             in font encoding `TU' in protrusion list
(microtype)             `EBGaramond-TU'.
Package microtype Info: Unknown slot number of character
(microtype)             `/two.lf'
(microtype)             in font encoding `TU' in protrusion list
(microtype)             `EBGaramond-TU'.
Package microtype Info: Unknown slot number of character
(microtype)             `/four.lf'
(microtype)             in font encoding `TU' in protrusion list
(microtype)             `EBGaramond-TU'.
Package microtype Info: Unknown slot number of character
(microtype)             `/seven.lf'
(microtype)             in font encoding `TU' in protrusion list
(microtype)             `EBGaramond-TU'.
Package microtype Info: Unknown slot number of character
(microtype)             `/one.osf'
(microtype)             in font encoding `TU' in protrusion list
(microtype)             `EBGaramond-TU'.
Package microtype Info: Unknown slot number of character
(microtype)             `/two.osf'
(microtype)             in font encoding `TU' in protrusion list
(microtype)             `EBGaramond-TU'.
Package microtype Info: Unknown slot number of character
(microtype)             `/four.osf'
(microtype)             in font encoding `TU' in protrusion list
(microtype)             `EBGaramond-TU'.
Package microtype Info: Unknown slot number of character
(microtype)             `/seven.osf'
(microtype)             in font encoding `TU' in protrusion list
(microtype)             `EBGaramond-TU'.
Package microtype Info: Character `Ⅳ' is missing
(microtype)             in font `\TU/EBGaramond(0)/m/n/5'.
(microtype)             Ignoring protrusion settings for this character.
Package microtype Info: Character `Ⅵ' is missing
(microtype)             in font `\TU/EBGaramond(0)/m/n/5'.
(microtype)             Ignoring protrusion settings for this character.
Package microtype Info: Character `Ⅶ' is missing
(microtype)             in font `\TU/EBGaramond(0)/m/n/5'.
(microtype)             Ignoring protrusion settings for this character.
Package microtype Info: Character `Ⅷ' is missing
(microtype)             in font `\TU/EBGaramond(0)/m/n/5'.
(microtype)             Ignoring protrusion settings for this character.
Package microtype Info: Character `Ⅸ' is missing
(microtype)             in font `\TU/EBGaramond(0)/m/n/5'.
(microtype)             Ignoring protrusion settings for this character.
Package microtype Info: Character `Ⅺ' is missing
(microtype)             in font `\TU/EBGaramond(0)/m/n/5'.
(microtype)             Ignoring protrusion settings for this character.
Package microtype Info: Character `Ⅻ' is missing
(microtype)             in font `\TU/EBGaramond(0)/m/n/5'.
(microtype)             Ignoring protrusion settings for this character.
Package microtype Info: Character `ⅳ' is missing
(microtype)             in font `\TU/EBGaramond(0)/m/n/5'.
(microtype)             Ignoring protrusion settings for this character.
Package microtype Info: Character `ⅵ' is missing
(microtype)             in font `\TU/EBGaramond(0)/m/n/5'.
(microtype)             Ignoring protrusion settings for this character.
Package microtype Info: Character `ⅶ' is missing
(microtype)             in font `\TU/EBGaramond(0)/m/n/5'.
(microtype)             Ignoring protrusion settings for this character.
Package microtype Info: Character `ⅷ' is missing
(microtype)             in font `\TU/EBGaramond(0)/m/n/5'.
(microtype)             Ignoring protrusion settings for this character.
Package microtype Info: Character `ⅸ' is missing
(microtype)             in font `\TU/EBGaramond(0)/m/n/5'.
(microtype)             Ignoring protrusion settings for this character.
Package microtype Info: Character `ⅺ' is missing
(microtype)             in font `\TU/EBGaramond(0)/m/n/5'.
(microtype)             Ignoring protrusion settings for this character.
Package microtype Info: Character `ⅻ' is missing
(microtype)             in font `\TU/EBGaramond(0)/m/n/5'.
(microtype)             Ignoring protrusion settings for this character.
Package microtype Info: Character `˷' is missing
(microtype)             in font `\TU/EBGaramond(0)/m/n/5'.
(microtype)             Ignoring protrusion settings for this character.
Package microtype Info: Character `ƒ' is missing
(microtype)             in font `\TU/EBGaramond(0)/m/n/5'.
(microtype)             Ignoring protrusion settings for this character.
Package microtype Info: Character `₡' is missing
(microtype)             in font `\TU/EBGaramond(0)/m/n/5'.
(microtype)             Ignoring protrusion settings for this character.
Package microtype Info: Character `•' is missing
(microtype)             in font `\TU/EBGaramond(0)/m/n/5'.
(microtype)             Ignoring protrusion settings for this character.
Package microtype Info: Unknown slot number of character
(microtype)             `/twodotenleader'
(microtype)             in font encoding `TU' in protrusion list
(microtype)             `EBGaramond-TU'.
Package microtype Info: Character `℃' is missing
(microtype)             in font `\TU/EBGaramond(0)/m/n/5'.
(microtype)             Ignoring protrusion settings for this character.
Package microtype Info: Character `™' is missing
(microtype)             in font `\TU/EBGaramond(0)/m/n/5'.
(microtype)             Ignoring protrusion settings for this character.
Package microtype Info: Character `−' is missing
(microtype)             in font `\TU/EBGaramond(0)/m/n/5'.
(microtype)             Ignoring protrusion settings for this character.
Package microtype Info: Character `ϙ' is missing
(microtype)             in font `\TU/EBGaramond(0)/m/n/5'.
(microtype)             Ignoring protrusion settings for this character.
Package microtype Info: Character `Ѱ' is missing
(microtype)             in font `\TU/EBGaramond(0)/m/n/5'.
(microtype)             Ignoring protrusion settings for this character.
Package microtype Info: Character `Ѵ' is missing
(microtype)             in font `\TU/EBGaramond(0)/m/n/5'.
(microtype)             Ignoring protrusion settings for this character.
Package microtype Info: Character `Ʌ' is missing
(microtype)             in font `\TU/EBGaramond(0)/m/n/5'.
(microtype)             Ignoring protrusion settings for this character.
Package microtype Info: Character `⑴' is missing
(microtype)             in font `\TU/EBGaramond(0)/m/n/5'.
(microtype)             Ignoring protrusion settings for this character.
Package microtype Info: Character `⒜' is missing
(microtype)             in font `\TU/EBGaramond(0)/m/n/5'.
(microtype)             Ignoring protrusion settings for this character.
LaTeX Font Info:    External font `cmex10' loaded for size
(Font)              <7> on input line 79.
LaTeX Font Info:    External font `cmex10' loaded for size
(Font)              <5> on input line 79.
Package microtype Info: Unknown slot number of character
(microtype)             `/one.tosf'
(microtype)             in font encoding `TU' in protrusion list
(microtype)             `EBGaramond-TU'.
Package microtype Info: Unknown slot number of character
(microtype)             `/two.tosf'
(microtype)             in font encoding `TU' in protrusion list
(microtype)             `EBGaramond-TU'.
Package microtype Info: Unknown slot number of character
(microtype)             `/three.tosf'
(microtype)             in font encoding `TU' in protrusion list
(microtype)             `EBGaramond-TU'.
Package microtype Info: Unknown slot number of character
(microtype)             `/four.tosf'
(microtype)             in font encoding `TU' in protrusion list
(microtype)             `EBGaramond-TU'.
Package microtype Info: Unknown slot number of character
(microtype)             `/five.tosf'
(microtype)             in font encoding `TU' in protrusion list
(microtype)             `EBGaramond-TU'.
Package microtype Info: Unknown slot number of character
(microtype)             `/six.tosf'
(microtype)             in font encoding `TU' in protrusion list
(microtype)             `EBGaramond-TU'.
Package microtype Info: Unknown slot number of character
(microtype)             `/seven.tosf'
(microtype)             in font encoding `TU' in protrusion list
(microtype)             `EBGaramond-TU'.
Package microtype Info: Unknown slot number of character
(microtype)             `/eight.tosf'
(microtype)             in font encoding `TU' in protrusion list
(microtype)             `EBGaramond-TU'.
Package microtype Info: Unknown slot number of character
(microtype)             `/nine.tosf'
(microtype)             in font encoding `TU' in protrusion list
(microtype)             `EBGaramond-TU'.
Package microtype Info: Unknown slot number of character
(microtype)             `/one.lf'
(microtype)             in font encoding `TU' in protrusion list
(microtype)             `EBGaramond-TU'.
Package microtype Info: Unknown slot number of character
(microtype)             `/two.lf'
(microtype)             in font encoding `TU' in protrusion list
(microtype)             `EBGaramond-TU'.
Package microtype Info: Unknown slot number of character
(microtype)             `/four.lf'
(microtype)             in font encoding `TU' in protrusion list
(microtype)             `EBGaramond-TU'.
Package microtype Info: Unknown slot number of character
(microtype)             `/seven.lf'
(microtype)             in font encoding `TU' in protrusion list
(microtype)             `EBGaramond-TU'.
Package microtype Info: Unknown slot number of character
(microtype)             `/one.osf'
(microtype)             in font encoding `TU' in protrusion list
(microtype)             `EBGaramond-TU'.
Package microtype Info: Unknown slot number of character
(microtype)             `/two.osf'
(microtype)             in font encoding `TU' in protrusion list
(microtype)             `EBGaramond-TU'.
Package microtype Info: Unknown slot number of character
(microtype)             `/four.osf'
(microtype)             in font encoding `TU' in protrusion list
(microtype)             `EBGaramond-TU'.
Package microtype Info: Unknown slot number of character
(microtype)             `/seven.osf'
(microtype)             in font encoding `TU' in protrusion list
(microtype)             `EBGaramond-TU'.
Package microtype Info: Character `Ⅳ' is missing
(microtype)             in font `\TU/EBGaramond(0)/b/n/7'.
(microtype)             Ignoring protrusion settings for this character.
Package microtype Info: Character `Ⅵ' is missing
(microtype)             in font `\TU/EBGaramond(0)/b/n/7'.
(microtype)             Ignoring protrusion settings for this character.
Package microtype Info: Character `Ⅶ' is missing
(microtype)             in font `\TU/EBGaramond(0)/b/n/7'.
(microtype)             Ignoring protrusion settings for this character.
Package microtype Info: Character `Ⅷ' is missing
(microtype)             in font `\TU/EBGaramond(0)/b/n/7'.
(microtype)             Ignoring protrusion settings for this character.
Package microtype Info: Character `Ⅸ' is missing
(microtype)             in font `\TU/EBGaramond(0)/b/n/7'.
(microtype)             Ignoring protrusion settings for this character.
Package microtype Info: Character `Ⅺ' is missing
(microtype)             in font `\TU/EBGaramond(0)/b/n/7'.
(microtype)             Ignoring protrusion settings for this character.
Package microtype Info: Character `Ⅻ' is missing
(microtype)             in font `\TU/EBGaramond(0)/b/n/7'.
(microtype)             Ignoring protrusion settings for this character.
Package microtype Info: Character `ⅳ' is missing
(microtype)             in font `\TU/EBGaramond(0)/b/n/7'.
(microtype)             Ignoring protrusion settings for this character.
Package microtype Info: Character `ⅵ' is missing
(microtype)             in font `\TU/EBGaramond(0)/b/n/7'.
(microtype)             Ignoring protrusion settings for this character.
Package microtype Info: Character `ⅶ' is missing
(microtype)             in font `\TU/EBGaramond(0)/b/n/7'.
(microtype)             Ignoring protrusion settings for this character.
Package microtype Info: Character `ⅷ' is missing
(microtype)             in font `\TU/EBGaramond(0)/b/n/7'.
(microtype)             Ignoring protrusion settings for this character.
Package microtype Info: Character `ⅸ' is missing
(microtype)             in font `\TU/EBGaramond(0)/b/n/7'.
(microtype)             Ignoring protrusion settings for this character.
Package microtype Info: Character `ⅺ' is missing
(microtype)             in font `\TU/EBGaramond(0)/b/n/7'.
(microtype)             Ignoring protrusion settings for this character.
Package microtype Info: Character `ⅻ' is missing
(microtype)             in font `\TU/EBGaramond(0)/b/n/7'.
(microtype)             Ignoring protrusion settings for this character.
Package microtype Info: Character `˷' is missing
(microtype)             in font `\TU/EBGaramond(0)/b/n/7'.
(microtype)             Ignoring protrusion settings for this character.
Package microtype Info: Character `ƒ' is missing
(microtype)             in font `\TU/EBGaramond(0)/b/n/7'.
(microtype)             Ignoring protrusion settings for this character.
Package microtype Info: Character `₡' is missing
(microtype)             in font `\TU/EBGaramond(0)/b/n/7'.
(microtype)             Ignoring protrusion settings for this character.
Package microtype Info: Character `•' is missing
(microtype)             in font `\TU/EBGaramond(0)/b/n/7'.
(microtype)             Ignoring protrusion settings for this character.
Package microtype Info: Unknown slot number of character
(microtype)             `/twodotenleader'
(microtype)             in font encoding `TU' in protrusion list
(microtype)             `EBGaramond-TU'.
Package microtype Info: Character `℃' is missing
(microtype)             in font `\TU/EBGaramond(0)/b/n/7'.
(microtype)             Ignoring protrusion settings for this character.
Package microtype Info: Character `™' is missing
(microtype)             in font `\TU/EBGaramond(0)/b/n/7'.
(microtype)             Ignoring protrusion settings for this character.
Package microtype Info: Character `−' is missing
(microtype)             in font `\TU/EBGaramond(0)/b/n/7'.
(microtype)             Ignoring protrusion settings for this character.
Package microtype Info: Character `ϙ' is missing
(microtype)             in font `\TU/EBGaramond(0)/b/n/7'.
(microtype)             Ignoring protrusion settings for this character.
Package microtype Info: Character `Ѱ' is missing
(microtype)             in font `\TU/EBGaramond(0)/b/n/7'.
(microtype)             Ignoring protrusion settings for this character.
Package microtype Info: Character `Ѵ' is missing
(microtype)             in font `\TU/EBGaramond(0)/b/n/7'.
(microtype)             Ignoring protrusion settings for this character.
Package microtype Info: Character `Ʌ' is missing
(microtype)             in font `\TU/EBGaramond(0)/b/n/7'.
(microtype)             Ignoring protrusion settings for this character.
Package microtype Info: Character `⑴' is missing
(microtype)             in font `\TU/EBGaramond(0)/b/n/7'.
(microtype)             Ignoring protrusion settings for this character.
Package microtype Info: Character `⒜' is missing
(microtype)             in font `\TU/EBGaramond(0)/b/n/7'.
(microtype)             Ignoring protrusion settings for this character.
[3] [4] [5] [6] [7] [8] [9] [10] [11] [12]) [13] [14

] (./content/MainMatter/chapter_2.tex
Chapter 2.
[15

] [16] [17] [18] [19] [20] [21] [22] [23] [24] [25] [26] [27] [28] [29] [30] [3
1] [32] [33] [34]) [35] [36

] (./content/MainMatter/chapter_3.tex
Chapter 3.
[37

] [38] [39] [40] [41] [42] [43] [44] [45] [46] [47]) [48] (./content/MainMatter
/chapter_4.tex
Chapter 4.
[49


] [50] [51] [52] [53] [54] [55] [56] [57] [58] [59] [60]) [61] [62

] (./content/MainMatter/chapter_5.tex
Chapter 5.
[63

] [64] [65] [66] [67] [68] [69] [70] [71] [72] [73] [74] [75] [76]) [77] [78

] (./content/MainMatter/chapter_6.tex
Chapter 6.
[79

] [80] [81] [82] [83] [84] [85] [86]
Package microtype Info: Character `~ (= ~)' has a width of 0pt 
(microtype)             in font `TU/EBGaramond(0)/m/it/7'.
(microtype)             Ignoring protrusion settings for this character.
Package microtype Info: Character `156' is missing
(microtype)             in font `\TU/EBGaramond(0)/m/it/7'.
(microtype)             Ignoring protrusion settings for this character.
Package microtype Info: Unknown slot number of character
(microtype)             `/zero.tosf'
(microtype)             in font encoding `TU' in protrusion list
(microtype)             `EBGaramond-it-TU'.
Package microtype Info: Unknown slot number of character
(microtype)             `/one.tosf'
(microtype)             in font encoding `TU' in protrusion list
(microtype)             `EBGaramond-it-TU'.
Package microtype Info: Unknown slot number of character
(microtype)             `/two.tosf'
(microtype)             in font encoding `TU' in protrusion list
(microtype)             `EBGaramond-it-TU'.
Package microtype Info: Unknown slot number of character
(microtype)             `/three.tosf'
(microtype)             in font encoding `TU' in protrusion list
(microtype)             `EBGaramond-it-TU'.
Package microtype Info: Unknown slot number of character
(microtype)             `/four.tosf'
(microtype)             in font encoding `TU' in protrusion list
(microtype)             `EBGaramond-it-TU'.
Package microtype Info: Unknown slot number of character
(microtype)             `/five.tosf'
(microtype)             in font encoding `TU' in protrusion list
(microtype)             `EBGaramond-it-TU'.
Package microtype Info: Unknown slot number of character
(microtype)             `/six.tosf'
(microtype)             in font encoding `TU' in protrusion list
(microtype)             `EBGaramond-it-TU'.
Package microtype Info: Unknown slot number of character
(microtype)             `/seven.tosf'
(microtype)             in font encoding `TU' in protrusion list
(microtype)             `EBGaramond-it-TU'.
Package microtype Info: Unknown slot number of character
(microtype)             `/eight.tosf'
(microtype)             in font encoding `TU' in protrusion list
(microtype)             `EBGaramond-it-TU'.
Package microtype Info: Unknown slot number of character
(microtype)             `/nine.tosf'
(microtype)             in font encoding `TU' in protrusion list
(microtype)             `EBGaramond-it-TU'.
Package microtype Info: Unknown slot number of character
(microtype)             `/one.lf'
(microtype)             in font encoding `TU' in protrusion list
(microtype)             `EBGaramond-it-TU'.
Package microtype Info: Unknown slot number of character
(microtype)             `/two.lf'
(microtype)             in font encoding `TU' in protrusion list
(microtype)             `EBGaramond-it-TU'.
Package microtype Info: Unknown slot number of character
(microtype)             `/three.lf'
(microtype)             in font encoding `TU' in protrusion list
(microtype)             `EBGaramond-it-TU'.
Package microtype Info: Unknown slot number of character
(microtype)             `/four.lf'
(microtype)             in font encoding `TU' in protrusion list
(microtype)             `EBGaramond-it-TU'.
Package microtype Info: Unknown slot number of character
(microtype)             `/five.lf'
(microtype)             in font encoding `TU' in protrusion list
(microtype)             `EBGaramond-it-TU'.
Package microtype Info: Unknown slot number of character
(microtype)             `/six.lf'
(microtype)             in font encoding `TU' in protrusion list
(microtype)             `EBGaramond-it-TU'.
Package microtype Info: Unknown slot number of character
(microtype)             `/seven.lf'
(microtype)             in font encoding `TU' in protrusion list
(microtype)             `EBGaramond-it-TU'.
Package microtype Info: Unknown slot number of character
(microtype)             `/eight.lf'
(microtype)             in font encoding `TU' in protrusion list
(microtype)             `EBGaramond-it-TU'.
Package microtype Info: Unknown slot number of character
(microtype)             `/nine.lf'
(microtype)             in font encoding `TU' in protrusion list
(microtype)             `EBGaramond-it-TU'.
Package microtype Info: Unknown slot number of character
(microtype)             `/one.osf'
(microtype)             in font encoding `TU' in protrusion list
(microtype)             `EBGaramond-it-TU'.
Package microtype Info: Unknown slot number of character
(microtype)             `/two.osf'
(microtype)             in font encoding `TU' in protrusion list
(microtype)             `EBGaramond-it-TU'.
Package microtype Info: Unknown slot number of character
(microtype)             `/three.osf'
(microtype)             in font encoding `TU' in protrusion list
(microtype)             `EBGaramond-it-TU'.
Package microtype Info: Unknown slot number of character
(microtype)             `/four.osf'
(microtype)             in font encoding `TU' in protrusion list
(microtype)             `EBGaramond-it-TU'.
Package microtype Info: Unknown slot number of character
(microtype)             `/seven.osf'
(microtype)             in font encoding `TU' in protrusion list
(microtype)             `EBGaramond-it-TU'.
Package microtype Info: Character `−' is missing
(microtype)             in font `\TU/EBGaramond(0)/m/it/7'.
(microtype)             Ignoring protrusion settings for this character.
Package microtype Info: Character `˷' is missing
(microtype)             in font `\TU/EBGaramond(0)/m/it/7'.
(microtype)             Ignoring protrusion settings for this character.
Package microtype Info: Character `•' is missing
(microtype)             in font `\TU/EBGaramond(0)/m/it/7'.
(microtype)             Ignoring protrusion settings for this character.
Package microtype Info: Character `℃' is missing
(microtype)             in font `\TU/EBGaramond(0)/m/it/7'.
(microtype)             Ignoring protrusion settings for this character.
Package microtype Info: Character `ƒ' is missing
(microtype)             in font `\TU/EBGaramond(0)/m/it/7'.
(microtype)             Ignoring protrusion settings for this character.
Package microtype Info: Character `₡' is missing
(microtype)             in font `\TU/EBGaramond(0)/m/it/7'.
(microtype)             Ignoring protrusion settings for this character.
Package microtype Info: Character `™' is missing
(microtype)             in font `\TU/EBGaramond(0)/m/it/7'.
(microtype)             Ignoring protrusion settings for this character.
Package microtype Info: Character `®' is missing
(microtype)             in font `\TU/EBGaramond(0)/m/it/7'.
(microtype)             Ignoring protrusion settings for this character.
Package microtype Info: Character `¬' is missing
(microtype)             in font `\TU/EBGaramond(0)/m/it/7'.
(microtype)             Ignoring protrusion settings for this character.
Package microtype Info: Character `¹' is missing
(microtype)             in font `\TU/EBGaramond(0)/m/it/7'.
(microtype)             Ignoring protrusion settings for this character.
Package microtype Info: Unknown slot number of character
(microtype)             `/twodotenleader'
(microtype)             in font encoding `TU' in protrusion list
(microtype)             `EBGaramond-it-TU'.
Package microtype Info: Character `ª' is missing
(microtype)             in font `\TU/EBGaramond(0)/m/it/7'.
(microtype)             Ignoring protrusion settings for this character.
Package microtype Info: Character `º' is missing
(microtype)             in font `\TU/EBGaramond(0)/m/it/7'.
(microtype)             Ignoring protrusion settings for this character.
Package microtype Info: Character `¥' is missing
(microtype)             in font `\TU/EBGaramond(0)/m/it/7'.
(microtype)             Ignoring protrusion settings for this character.
Package microtype Info: Character `Ү' is missing
(microtype)             in font `\TU/EBGaramond(0)/m/it/7'.
(microtype)             Ignoring protrusion settings for this character.
Package microtype Info: Character `Ч' is missing
(microtype)             in font `\TU/EBGaramond(0)/m/it/7'.
(microtype)             Ignoring protrusion settings for this character.
Package microtype Info: Character `З' is missing
(microtype)             in font `\TU/EBGaramond(0)/m/it/7'.
(microtype)             Ignoring protrusion settings for this character.
[87] [88] [89] [90]) [91] [92

] (./content/MainMatter/chapter_7.tex
Chapter 7.
[93

] [94] [95] [96] [97] [98] [99] [100] [101] [102] [103] [104]) [105] [106

] (./content/MainMatter/chapter_8.tex
Chapter 8.
[107

] [108] [109] [110] [111] [112] [113] [114] [115] [116] [117] [118] [119] [120]
) [121] [122

] (./content/MainMatter/chapter_9.tex
Chapter 9.
[123

] [124] [125] [126] [127] [128] [129] [130] [131] [132] [133] [134] [135]) [136
] (./content/MainMatter/chapter_10.tex
Chapter 10.
[137


] [138] [139] [140] [141] [142] [143] [144] [145] [146] [147] [148]) [149] [150

] (./content/MainMatter/chapter_11.tex
Chapter 11.
[151

] [152] [153] [154] [155] [156] [157] [158] [159] [160] [161] [162] [163]) [164
] (./content/MainMatter/chapter_12.tex
Chapter 12.
[165


] [166] [167] [168] [169] [170] [171] [172] [173] [174] [175] [176]) [177] [178

] (./content/MainMatter/chapter_13.tex
Chapter 13.
[179

] [180] [181] [182] [183] [184] [185] [186] [187] [188] [189] [190] [191] [192]
) [193] [194

] (./content/MainMatter/chapter_14.tex
Chapter 14.
[195

] [196] [197] [198] [199] [200] [201] [202] [203] [204]) [205] [206

] (./content/MainMatter/chapter_15.tex
Chapter 15.
[207

] [208] [209] [210] [211] [212] [213] [214] [215] [216] [217]) [218] (./content
/MainMatter/chapter_16.tex
Chapter 16.
[219


] [220] [221] [222] [223] [224] [225] [226] [227] [228] [229]) [230] (./content
/MainMatter/chapter_17.tex
Chapter 17.
[231


] [232] [233] [234] [235] [236] [237] [238] [239] [240] [241] [242]) [243] [244

] (./content/MainMatter/chapter_18.tex
Chapter 18.
[245

] [246] [247] [248] [249] [250] [251] [252] [253] [254] [255]) [256] (./content
/BackMatter/conclusion.tex [257



] [258] [259]) [260] (./content/BackMatter/coda.tex [261


]) [262] (./content/BackMatter/aw.tex [263

] [264

] [265] [266] [267]) [268] (./content/BackMatter/ata.tex) [269


] [270

] (./content/BackMatter/ack.tex [271

]) [272] (./content/BackMatter/rl.tex [273


]) [274] (./content/BackMatter/glossary.tex
Package microtype Info: Unknown slot number of character
(microtype)             `/one.tosf'
(microtype)             in font encoding `TU' in protrusion list 
(microtype)             `EBGaramond-TU'.
Package microtype Info: Unknown slot number of character
(microtype)             `/two.tosf'
(microtype)             in font encoding `TU' in protrusion list 
(microtype)             `EBGaramond-TU'.
Package microtype Info: Unknown slot number of character
(microtype)             `/three.tosf'
(microtype)             in font encoding `TU' in protrusion list 
(microtype)             `EBGaramond-TU'.
Package microtype Info: Unknown slot number of character
(microtype)             `/four.tosf'
(microtype)             in font encoding `TU' in protrusion list 
(microtype)             `EBGaramond-TU'.
Package microtype Info: Unknown slot number of character
(microtype)             `/five.tosf'
(microtype)             in font encoding `TU' in protrusion list 
(microtype)             `EBGaramond-TU'.
Package microtype Info: Unknown slot number of character
(microtype)             `/six.tosf'
(microtype)             in font encoding `TU' in protrusion list 
(microtype)             `EBGaramond-TU'.
Package microtype Info: Unknown slot number of character
(microtype)             `/seven.tosf'
(microtype)             in font encoding `TU' in protrusion list 
(microtype)             `EBGaramond-TU'.
Package microtype Info: Unknown slot number of character
(microtype)             `/eight.tosf'
(microtype)             in font encoding `TU' in protrusion list 
(microtype)             `EBGaramond-TU'.
Package microtype Info: Unknown slot number of character
(microtype)             `/nine.tosf'
(microtype)             in font encoding `TU' in protrusion list 
(microtype)             `EBGaramond-TU'.
Package microtype Info: Unknown slot number of character
(microtype)             `/one.lf'
(microtype)             in font encoding `TU' in protrusion list 
(microtype)             `EBGaramond-TU'.
Package microtype Info: Unknown slot number of character
(microtype)             `/two.lf'
(microtype)             in font encoding `TU' in protrusion list 
(microtype)             `EBGaramond-TU'.
Package microtype Info: Unknown slot number of character
(microtype)             `/four.lf'
(microtype)             in font encoding `TU' in protrusion list 
(microtype)             `EBGaramond-TU'.
Package microtype Info: Unknown slot number of character
(microtype)             `/seven.lf'
(microtype)             in font encoding `TU' in protrusion list 
(microtype)             `EBGaramond-TU'.
Package microtype Info: Unknown slot number of character
(microtype)             `/one.osf'
(microtype)             in font encoding `TU' in protrusion list 
(microtype)             `EBGaramond-TU'.
Package microtype Info: Unknown slot number of character
(microtype)             `/two.osf'
(microtype)             in font encoding `TU' in protrusion list 
(microtype)             `EBGaramond-TU'.
Package microtype Info: Unknown slot number of character
(microtype)             `/four.osf'
(microtype)             in font encoding `TU' in protrusion list 
(microtype)             `EBGaramond-TU'.
Package microtype Info: Unknown slot number of character
(microtype)             `/seven.osf'
(microtype)             in font encoding `TU' in protrusion list 
(microtype)             `EBGaramond-TU'.
Package microtype Info: Character `Ⅳ' is missing
(microtype)             in font `\TU/EBGaramond(0)/b/sc/10.95'.
(microtype)             Ignoring protrusion settings for this character.
Package microtype Info: Character `Ⅵ' is missing
(microtype)             in font `\TU/EBGaramond(0)/b/sc/10.95'.
(microtype)             Ignoring protrusion settings for this character.
Package microtype Info: Character `Ⅶ' is missing
(microtype)             in font `\TU/EBGaramond(0)/b/sc/10.95'.
(microtype)             Ignoring protrusion settings for this character.
Package microtype Info: Character `Ⅷ' is missing
(microtype)             in font `\TU/EBGaramond(0)/b/sc/10.95'.
(microtype)             Ignoring protrusion settings for this character.
Package microtype Info: Character `Ⅸ' is missing
(microtype)             in font `\TU/EBGaramond(0)/b/sc/10.95'.
(microtype)             Ignoring protrusion settings for this character.
Package microtype Info: Character `Ⅺ' is missing
(microtype)             in font `\TU/EBGaramond(0)/b/sc/10.95'.
(microtype)             Ignoring protrusion settings for this character.
Package microtype Info: Character `Ⅻ' is missing
(microtype)             in font `\TU/EBGaramond(0)/b/sc/10.95'.
(microtype)             Ignoring protrusion settings for this character.
Package microtype Info: Character `ⅳ' is missing
(microtype)             in font `\TU/EBGaramond(0)/b/sc/10.95'.
(microtype)             Ignoring protrusion settings for this character.
Package microtype Info: Character `ⅵ' is missing
(microtype)             in font `\TU/EBGaramond(0)/b/sc/10.95'.
(microtype)             Ignoring protrusion settings for this character.
Package microtype Info: Character `ⅶ' is missing
(microtype)             in font `\TU/EBGaramond(0)/b/sc/10.95'.
(microtype)             Ignoring protrusion settings for this character.
Package microtype Info: Character `ⅷ' is missing
(microtype)             in font `\TU/EBGaramond(0)/b/sc/10.95'.
(microtype)             Ignoring protrusion settings for this character.
Package microtype Info: Character `ⅸ' is missing
(microtype)             in font `\TU/EBGaramond(0)/b/sc/10.95'.
(microtype)             Ignoring protrusion settings for this character.
Package microtype Info: Character `ⅺ' is missing
(microtype)             in font `\TU/EBGaramond(0)/b/sc/10.95'.
(microtype)             Ignoring protrusion settings for this character.
Package microtype Info: Character `ⅻ' is missing
(microtype)             in font `\TU/EBGaramond(0)/b/sc/10.95'.
(microtype)             Ignoring protrusion settings for this character.
Package microtype Info: Character `˷' is missing
(microtype)             in font `\TU/EBGaramond(0)/b/sc/10.95'.
(microtype)             Ignoring protrusion settings for this character.
Package microtype Info: Character `ƒ' is missing
(microtype)             in font `\TU/EBGaramond(0)/b/sc/10.95'.
(microtype)             Ignoring protrusion settings for this character.
Package microtype Info: Character `₡' is missing
(microtype)             in font `\TU/EBGaramond(0)/b/sc/10.95'.
(microtype)             Ignoring protrusion settings for this character.
Package microtype Info: Character `•' is missing
(microtype)             in font `\TU/EBGaramond(0)/b/sc/10.95'.
(microtype)             Ignoring protrusion settings for this character.
Package microtype Info: Unknown slot number of character
(microtype)             `/twodotenleader'
(microtype)             in font encoding `TU' in protrusion list 
(microtype)             `EBGaramond-TU'.
Package microtype Info: Character `℃' is missing
(microtype)             in font `\TU/EBGaramond(0)/b/sc/10.95'.
(microtype)             Ignoring protrusion settings for this character.
Package microtype Info: Character `™' is missing
(microtype)             in font `\TU/EBGaramond(0)/b/sc/10.95'.
(microtype)             Ignoring protrusion settings for this character.
Package microtype Info: Character `ª' is missing
(microtype)             in font `\TU/EBGaramond(0)/b/sc/10.95'.
(microtype)             Ignoring protrusion settings for this character.
Package microtype Info: Character `º' is missing
(microtype)             in font `\TU/EBGaramond(0)/b/sc/10.95'.
(microtype)             Ignoring protrusion settings for this character.
Package microtype Info: Character `¹' is missing
(microtype)             in font `\TU/EBGaramond(0)/b/sc/10.95'.
(microtype)             Ignoring protrusion settings for this character.
Package microtype Info: Character `¬' is missing
(microtype)             in font `\TU/EBGaramond(0)/b/sc/10.95'.
(microtype)             Ignoring protrusion settings for this character.
Package microtype Info: Character `−' is missing
(microtype)             in font `\TU/EBGaramond(0)/b/sc/10.95'.
(microtype)             Ignoring protrusion settings for this character.
Package microtype Info: Character `¥' is missing
(microtype)             in font `\TU/EBGaramond(0)/b/sc/10.95'.
(microtype)             Ignoring protrusion settings for this character.
Package microtype Info: Character `ϙ' is missing
(microtype)             in font `\TU/EBGaramond(0)/b/sc/10.95'.
(microtype)             Ignoring protrusion settings for this character.
Package microtype Info: Character `Ѱ' is missing
(microtype)             in font `\TU/EBGaramond(0)/b/sc/10.95'.
(microtype)             Ignoring protrusion settings for this character.
Package microtype Info: Character `Ѵ' is missing
(microtype)             in font `\TU/EBGaramond(0)/b/sc/10.95'.
(microtype)             Ignoring protrusion settings for this character.
Package microtype Info: Character `Ʌ' is missing
(microtype)             in font `\TU/EBGaramond(0)/b/sc/10.95'.
(microtype)             Ignoring protrusion settings for this character.
Package microtype Info: Character `⑴' is missing
(microtype)             in font `\TU/EBGaramond(0)/b/sc/10.95'.
(microtype)             Ignoring protrusion settings for this character.
Package microtype Info: Character `⒜' is missing
(microtype)             in font `\TU/EBGaramond(0)/b/sc/10.95'.
(microtype)             Ignoring protrusion settings for this character.
[275


] [276] [277]) [278] (./content/BackMatter/colophon.tex) [279


]
\tf@toc=\write7
\openout7 = `rtr.toc'.

(build/hc/rtr.aux)
 ***********
LaTeX2e <2025-11-01>
L3 programming layer <2020/03/25>
 ***********

Package rerunfilecheck Warning: File `rtr.out' has changed.
(rerunfilecheck)                Rerun to get outlines right
(rerunfilecheck)                or use package `bookmark'.

Package rerunfilecheck Info: Checksums for `rtr.out':
(rerunfilecheck)             Before: <no file>
(rerunfilecheck)             After:  F0E4865CC558C35E0485A619FACCD494;5598.
 ) ) 
Here is how much of TeX's memory you used:
 28649 strings out of 468168
 579756 string characters out of 5432815
 1651280 words of memory out of 5000000
 56763 multiletter control sequences out of 15000+600000
 632021 words of font info for 89 fonts, out of 8000000 for 9000
 1348 hyphenation exceptions out of 8191
 122i,12n,124p,18320b,581s stack positions out of 10000i,1000n,20000p,200000b,200000s

Output written on build/hc/rtr.xdv (297 pages, 3694504 bytes).
